<?xml version="1.0" encoding="UTF-8"?>
<root>
      
	
    <!-- Images for background_frames_Labels goes here-->
    
    <images folder="gallery/Design_Elements/background_frames_Labels" data-filter="background_frames_Labels">
        <image serachTag='Abstract Background'>156.jpg</image>
        <image serachTag='Abstract Background'>74799.jpg</image>
        <image serachTag='Abstract Background'>5651969.jpg</image>
        <image serachTag='Abstract Background'>5932505.jpg</image>
        <image serachTag='Abstract Background'>20066152.jpg</image>
        <image serachTag='Abstract Background'>26282248.jpg</image>
        <image serachTag='Abstract Background'>50208934.jpg</image>
        <image serachTag='Abstract Background'>50519488.jpg</image>
        <image serachTag='Water Color Background'>51377701.jpg</image>
        <image serachTag='Abstract Futuristic Background'>52035811.jpg</image>
        <image serachTag='Abstract Background'>54666781.jpg</image>
        <image serachTag='Abstract Background Motion Blur'>54783121.jpg</image>
        <image serachTag='Abstract Background'>55127872.jpg</image>
        <image serachTag='Abstract Background'>55252480.jpg</image>
        <image serachTag='Abstract Background'>55410508.jpg</image>
        <image serachTag='Abstract Background'>56593465.jpg</image>
        <image serachTag='Metalsheet Background'>57863236.jpg</image>
        <image serachTag='Abstract Background'>58670998.jpg</image>
        <image serachTag='Background Redglare'>58687843.jpg</image>
        <image serachTag='Water Color Background'>58699300.jpg</image>
        <image serachTag='Abstract Background Mosaic'>59058244.jpg</image>
        <image serachTag='Abstract Background'>60628828.jpg</image>
        <image serachTag='Watercolor Background'>61078351.jpg</image>
        <image serachTag='Background Redglare'>61588660.jpg</image>
        <image serachTag='Background Discolights'>63225664.jpg</image>
        <image serachTag='Abstract Background Lightglow'>63225667.jpg</image>
        <image serachTag='Abstract Background Colordots'>63498577.jpg</image>
        <image serachTag='Background Wood Panels'>63826024.jpg</image>
        <image serachTag='Background Brickwall White'>67161871.jpg</image>
        <image serachTag='Background Pastel Stripe'>67586971.jpg</image>
        <image serachTag='Background OldPaper'>67706833.jpg</image>
        <image serachTag='Background Paper Textures'>68454256.jpg</image>
        <image serachTag='Abstract Background Metal'>69091330.jpg</image>
        <image serachTag='Background Discolights Whitepaper Folded'>70970920.jpg</image>
        <image serachTag='Abstract Background Architecture'>72070219.jpg</image>
        <image serachTag='Wooden Signboards'>72811813.jpg</image>
        <image serachTag='Abstract Background'>74686687.jpg</image>
        <image serachTag='Decorative Elements'>75304861.jpg</image>
        <image serachTag='Abstract Background Internet Data'>76534828.jpg</image>
        <image serachTag='Abstract Background'>78102142.jpg</image>
        <image serachTag='Abstract Background'>78611542.jpg</image>
        <image serachTag='Abstract Background'>79732636.jpg</image>
        <image serachTag='Abstract Background'>83156293.jpg</image>
        <image serachTag='Abstract Background'>83185366.jpg</image>
        <image serachTag='Abstract Background'>83270338.jpg</image>
        <image serachTag='Abstract Background'>84266104.jpg</image>
        <image serachTag='Abstract Background'>85392325.jpg</image>
        <image serachTag='Abstract Background'>85537333.jpg</image>
        <image serachTag='Abstract Background'>91001246.jpg</image>
        <image serachTag='Abstract Background Virtual Technology'>91231232.jpg</image>
        <image serachTag='Frame'>91906820.jpg</image>
        <image serachTag='background '>91906820.jpg</image>
        <image serachTag='Abstract Background'>92180737.jpg</image>
        <image serachTag='Iron Plate'>93909202.jpg</image>
        <image serachTag='Background Water Color Blue'>93931198.jpg</image>
        <image serachTag='Card Wedding Template'>95163739.jpg</image>
        <image serachTag='Abstract Background Green'>95194390.jpg</image>
        <image serachTag='Background Paper Textures White'>97114829.jpg</image>
        <image serachTag='Background Financial Color Charts'>97969052.jpg</image>
        <image serachTag='Background Blue Tech Background'>98073617.jpg</image>
        <image serachTag='Background Wall Wood Texture'>98536991.jpg</image>
        <image serachTag='Background Wood Texture'>104798807.jpg</image>
        <image serachTag='Background Paper Texture'>105970757.jpg</image>
        <image serachTag='Background Banners Trees'>106430990.jpg</image>
        <image serachTag='Frame Vintage'>106926746.jpg</image>
        <image serachTag='Abstract Background Blue Light'>107341697.jpg</image>
        <image serachTag='Background Wood Plank'>107417318.jpg</image>
        <image serachTag='Abstract Background Blue'>107530259.jpg</image>
        <image serachTag='Abstract Background Artistic Forming'>108241499.jpg</image>
        <image serachTag='Abstract Background Vintage Old Style'>109343375.jpg</image>
        <image serachTag='Background Black Old Paper Textures'>110134574.jpg</image>
        <image serachTag='Background Black Old Paper Textures'>110490692.jpg</image>
        <image serachTag='Background Golden Vintage Frame'>111033395.jpg</image>
        <image serachTag='Background Colorful Square'>111105113.jpg</image>
        <image serachTag='Abstract Background'>111189503.jpg</image>
        <image serachTag='Retro Ribbons'>111338147.jpg</image>
        <image serachTag='Background Night Sky'>111349781.jpg</image>
        <image serachTag='Background Wooden Deck Table'>111504500.jpg</image>
        <image serachTag='Background Wooden Deck Table Antique Victorian Gold Ornament'>111930146.jpg</image>
        <image serachTag='Abstract Background Blue Circle'>111931907.jpg</image>
        <image serachTag='Background Night Sky Black Wood Texture'>112058018.jpg</image>
        <image serachTag='Background Grunge Texture'>112390187.jpg</image>
        <image serachTag='Background Banner'>112526798.jpg</image>
        <image serachTag='Background Fiber Optical'>112987639.jpg</image>
        <image serachTag='Background Gold Metal'>113099185.jpg</image>
        <image serachTag='Background Iron Plate'>113956069.jpg</image>
        <image serachTag='Blue Sky Background'>114278764.jpg</image>
        <image serachTag='Background Scarf'>114329287.jpg</image>
        <image serachTag='Background Blue Water Color'>114529372.jpg</image>
        <image serachTag='Background Blue Water Color Green Grass'>114851914.jpg</image>
        <image serachTag='Lables'>115224736.jpg</image>
        <image serachTag='Abstract Background Technology'>115236973.jpg</image>
        <image serachTag='Abstract Background Grunge_Splatte'>115526482.jpg</image>
        <image serachTag='Background  White_Brick'>115560229.jpg</image>	
        <image serachTag='Background  Texture'>116234227.jpg</image>	
        <image serachTag='Background  Circuit'>116443600.jpg</image>		
        <image serachTag='Background  White_ Paper_Texture'>116506654.jpg</image>	
        <image serachTag='Background Vintage_Texture'>116661178.jpg</image>
        <image serachTag='Background Blue_Light'>117761563.jpg</image>
        <image serachTag='Background Golden'>119657236.jpg</image>
        <image serachTag='Background Sky And Water'>120073069.jpg</image>
        <image serachTag='Abstract Background'>120173635.jpg</image>
        <image serachTag='Vintage Background'>120821533.jpg</image>
        <image serachTag='Background Grunge'>120912622.jpg</image>
        <image serachTag='Background Light'>123016060.jpg</image>
        <image serachTag='Background Road'>124163875.jpg</image>
        <image serachTag='Background Vintage_Patten'>124507681.jpg</image>
        <image serachTag='Background Nature_Green'>124638994.jpg</image>
        <image serachTag='Background Fabric_Texture'>124989767.jpg</image>
        <image serachTag='Abstract  Blue Background'>125523458.jpg</image>
        <image serachTag='Colorful_Lines Vector Background'>126247808.jpg</image>
        <image serachTag='Signposts  For Online_Marketing'>127310561.jpg</image>
        <image serachTag='Old_Paper_Texture Background'>127731560.jpg</image>
        <image serachTag='Abstract Banners'>129695936.jpg</image>
        <image serachTag='Brown_Wooden_Texture Background'>129870869.jpg</image>
        <image serachTag='Cloudy_Blue_Sky Background'>129961535.jpg</image>
        <image serachTag='White Watercolor_Paper'>130188998.jpg</image>
        <image serachTag='Abstract Blue_Watercolor_Background'>130415018.jpg</image>
        <image serachTag='Door_Open'>131772755.jpg</image>
        <image serachTag='Abstract Background Technology'>132098336.jpg</image>
        <image serachTag='Red_Dot Background'>133031495.jpg</image>
        <image serachTag='Abstract Shiny_Golden_Frame'>133119026.jpg</image>
        <image serachTag='Abstract_Wave'>135362276.jpg</image>
        <image serachTag='Abstract Lights_Background'>136928258.jpg</image>
        <image serachTag='Modern_Hexagon_Design'>138471107.jpg</image>
        <image serachTag='Abstract Global_Infinity  Background'>141476404.jpg</image>
        <image serachTag='Business  Background (Business Science Or Technology)'>142240699.jpg</image>
        <image serachTag='Elegant Indian_Ornamentation'>143180056.jpg</image>
        <image serachTag='Green_Wooden Background'>144006487.jpg</image>
        <image serachTag='Retro Promotional_Labels Vector'>145438939.jpg</image>
        <image serachTag='Night_Sky'>146608226.jpg</image>
        <image serachTag='Vintage Style Sale_Tags'>146828684.jpg</image>
        <image serachTag='Abstract Colorful_Background'>147351161.jpg</image>
        <image serachTag='Purple_Wall Texture'>151358921.jpg</image>
        <image serachTag='Green_Line Background'>151498169.jpg</image>
        <image serachTag='Blue_Spotlight Background'>152229917.jpg</image>
        <image serachTag='Water_Drop'>155794649.jpg</image>
        <image serachTag='Background Night_Sky'>157561175.jpg</image>
        <image serachTag='Water_Drop'>158589791.jpg</image>
        <image serachTag='Old Books_Shelf'>159503864.jpg</image>
        <image serachTag='Abstract  Futuristic_Background'>166439306.jpg</image>
        <image serachTag='Abstract Colored_ Shape'>167407151.jpg</image>
        <image serachTag='Glass_Texture'>174712823.jpg</image>
        <image serachTag='Green_Grass Against The Blue_ Sky'>176197856.jpg</image>
        <image serachTag='Shop Market Store Cafe_Illustration'>176265698.jpg</image>
        <image serachTag='Banners'>178705826.jpg</image>
        <image serachTag='Abstract Background With Bokeh_Effect'>179411276.jpg</image>
        <image serachTag='Abstract Square Pixel_Background'>180124601.jpg</image>
        <image serachTag='Gold_Fabric Texture Background'>183036848.jpg</image>
        <image serachTag='One Big Cloud And Asphalt Road'>184028312.jpg</image>
        <image serachTag='Road_Transport'>190664309.jpg</image>
        <image serachTag='Abstract Yellow_Petals Background '>193561622.jpg</image>
        <image serachTag='Abstract Background  Gold_Cubes'>193600733.jpg</image>
        <image serachTag='Abergine And Burgundy_Cubes Background'>193823054.jpg</image>
        <image serachTag='Wooden_Welcome_Sign'>197247806.jpg</image>
        <image serachTag='Gold_Metallic Design'>204930889.jpg</image>
        <image serachTag='Pink_Wall Texture'>207240055.jpg</image>
        <image serachTag='Wooden_Background_Grunge'>210708016.jpg</image>
        <image serachTag='Vector_Advertising'>213368227.jpg</image>
        <image serachTag='Laminate_Parquet Floor Texture Background'>216077818.jpg</image>
        <image serachTag='Snowy_Winter Night_Grunge Texture'>216601261.jpg</image>
        <image serachTag='Vintage Background Grunge'>216611101.jpg</image>
        <image serachTag='Paper_Texture Background'>216611299.jpg</image>
        <image serachTag='Vintage Background Grunge'>216611311.jpg</image>
        <image serachTag='AOld_Dirty_Wall Texture'>216615532.jpg</image>
        <image serachTag='Vintage Landscape_Canvas Background'>216631654.jpg</image>
        <image serachTag='Old_Paper'>216634960.jpg</image>
        <image serachTag='Concrete_ Wall Background Grunge'>218019949.jpg</image>
        <image serachTag='Bokeh_Light Background'>219400177.jpg</image>
        <image serachTag='Technology and Protect Data Information '>220099015.jpg</image>
        <image serachTag='Mars_Desert'>225329644.jpg</image>
        <image serachTag='Abstract Christmas_Background'>225469423.jpg</image>
        <image serachTag='Color_Pencils Background'>78611542.jpg</image>
        <image serachTag='Background With Colorful_Stripes'>78102142.jpg</image>
        <image serachTag='Abstract_Cube Background'>79732636.jpg</image>
        <image serachTag='Systems Development Technology'>83156293.jpg</image>
        <image serachTag='Seamless_Background'>83185366.jpg</image>
        <image serachTag='Blackboards'>83270338.jpg</image>
        <image serachTag='Jeans_background'>84266104.jpg</image>
        <image serachTag='Global_business'>85392325.jpg</image>
        <image serachTag='Abstract Banner'>85537333.jpg</image>
        <image serachTag='Abstract Background'>74686687.jpg</image>
        <image serachTag='White Clouds in Blue Sky'>109745585.jpg</image>
        <image serachTag='Cold_Blue Background'>156204356.jpg</image>
        <image serachTag='Wooden_Sign'>225275656.jpg</image>
	       
    </images>
	
	
    <!-- Images for Checklist goes here-->
    
    <images folder="gallery/Design_Elements/Checklist" data-filter="Checklist">
        <image serachTag='Check Box'>56129899.jpg</image>
        <image serachTag='Customer_Service Questionnaire'>67988146.jpg</image>
        <image serachTag='CheckBox'>71105875.jpg</image>
        <image serachTag='Young Man Portrait'>71979964.jpg</image>
        <image serachTag='CheckBox'>92685046.jpg</image>
        <image serachTag='CheckBox'>96802711.jpg</image>
        <image serachTag='3d Ckecklist'>114057541.jpg</image>
        <image serachTag='Blue Pawn'>125010590.jpg</image>
        <image serachTag='Red Pen Marking CheckBox'>151162832.jpg</image>
        <image serachTag='Screen Touching Interface'>164171624.jpg</image>
        <image serachTag='Digital Tablet Survey'>177915326.jpg</image>
        <image serachTag='Young Business Woman'>181249487.jpg</image>
        <image serachTag='CreditScore '>184704248.jpg</image>
        <image serachTag='Loan Approved'>191457536.jpg</image>
        <image serachTag='CheckBox'>199541651.jpg</image>

    </images>
	
    <!-- Images for CYU goes here-->
    
    <images folder="gallery/Design_Elements/CYU" data-filter="CYU">
        <image serachTag='Question and Answers_Cubes'>73029832.jpg</image>
        <image serachTag='CheckBox'>85123666.jpg</image>
        <image serachTag='Question Mark Sign'>86655634.jpg</image>
        <image serachTag='Question Mark Sign'>92440198.jpg</image>
        <image serachTag='Question Mark Sign'>123605941.jpg</image>
        <image serachTag='Question Mark Sign'>127880021.jpg</image>
        <image serachTag='Question Mark Sign'>132900455.jpg</image>
        <image serachTag='Question Mark Sign'>135436325.jpg</image>
        <image serachTag='Question Mark Sign'>140081899.jpg</image>
        <image serachTag='Question Mark Sign'>141715324.jpg</image>
        <image serachTag='Question Mark Sign'>172109789.jpg</image>
        <image serachTag='Question Mark Sign'>212665423.jpg</image>
        <image serachTag='Question Mark Sign'>213583006.jpg</image>


    </images>
	
    <!-- Images for Equipments goes here-->
    
    <images folder="gallery/Design_Elements/Equipments" data-filter="Equipments">
        <image serachTag='Equipments'>010.jpg</image>
        <image serachTag='Equipments'>22867058.jpg</image>
        <image serachTag=' Modern Office Computers'>51692464.jpg</image>
        <image serachTag='Digital Watch'>58286659.jpg</image>
        <image serachTag='Headphones'>63203263.jpg</image>
        <image serachTag='Car_Alternato'>67174159.jpg</image>
        <image serachTag='Helmet'>94361749.jpg</image>
        <image serachTag='Circle_Thermometer'>108802127.jpg</image>
        <image serachTag='Multimedia_Projector'>110469380.jpg</image>
        <image serachTag='3d_Concept'>122243314.jpg</image>
        <image serachTag='Mortgage_Application'>125536745.jpg</image>
        <image serachTag='Wheel'>126154700.jpg</image>
        <image serachTag='Gearbox'>127201133.jpg</image>
        <image serachTag='CCTV Camera'>131328434.jpg</image>
        <image serachTag='Hummer'>133334627.jpg</image>
        <image serachTag='Piano Keyboard'>138386987.jpg</image>
        <image serachTag='Robotic_Arm'>140695441.jpg</image>
        <image serachTag='Printing Machine'>142853563.jpg</image>
        <image serachTag='Access Control System'>152376536.jpg</image>
        <image serachTag='Thermometer'>156560903.jpg</image>
        <image serachTag='Chicks'>162071858.jpg</image>
        <image serachTag='Ventilator'>183924707.jpg</image>
        <image serachTag='CCTV Camera'>206709955.jpg</image>
        <image serachTag='Waterproof_Mobile_Radio'>186312503.jpg</image>
    
  
    </images>
	
	
    <!-- Images for iconic goes here-->
    
    <images folder="gallery/Design_Elements/iconic" data-filter="iconic">
        <image serachTag='3D Icon Set'>3797965.jpg</image>
        <image serachTag='3D Icon Set'>3797968.jpg</image>
        <image serachTag='3D Icon Set'>3797974.jpg</image>
        <image serachTag='3D Icon Set'>3797980.jpg</image>
        <image serachTag='3D Icon Set'>3797983.jpg</image>
        <image serachTag='3D Icon Set'>3798130.jpg</image>
        <image serachTag='Hand Cursor'>33914758.jpg</image>
        <image serachTag='Envelope'>44129869.jpg</image>
        <image serachTag='Communication'>51153697.jpg</image>
        <image serachTag='Internet Application_icon'>54784057.jpg</image>
        <image serachTag='icons'>81304426.jpg</image>
        <image serachTag='Symbol'>59407642.jpg</image>
        <image serachTag='Symbol'>61721986.jpg</image>
        <image serachTag='E-Commerce  Icon'>63623371.jpg</image>
        <image serachTag='Shield_Security'>65756743.jpg</image>
        <image serachTag='Computer Icons'>72471223.jpg</image>
        <image serachTag='Clipboard'>76990138.jpg</image>
        <image serachTag='Folder'>80330860.jpg</image>
        <image serachTag='Thumbs Up'>84442210.jpg</image>
        <image serachTag='Symbol'>85164343.jpg</image>
        <image serachTag='Magnifying Glass'>89945260.jpg</image>
        <image serachTag='Marketing Icon'>96188165.jpg</image>
        <image serachTag='A Pile of Paper'>90990125.jpg</image>
        <image serachTag='Web Button'>92245462.jpg</image>
        <image serachTag='Computer Networks'>92839540.jpg</image>
        <image serachTag='Clock'>93382111.jpg</image>
        <image serachTag='Tax'>96519826.jpg</image>
        <image serachTag='Businessman'>96564829.jpg</image>
        <image serachTag='Maps'>97277390.jpg</image>
        <image serachTag='Finance Icon'>97452701.jpg</image>
        <image serachTag='Compass'>97469030.jpg</image>
        <image serachTag='Jigsaw Puzzle'>99703079.jpg</image>
        <image serachTag='icons'>137183222.jpg</image>
        <image serachTag='Movie Icons'>100559635.jpg</image>
        <image serachTag='Computer_Keys'>101551117.jpg</image>
        <image serachTag='Touch Screen_Button'>103791665.jpg</image>
        <image serachTag='Arrows'>106663931.jpg</image>
        <image serachTag='Digital Media'>107320913.jpg</image>
        <image serachTag='Social Media Icons'>107844167.jpg</image>
        <image serachTag='3D_Icons'>108222734.jpg</image>
        <image serachTag='Game_Icons'>109858658.jpg</image>
        <image serachTag='Life Cycle'>110023424.jpg</image>
        <image serachTag='Brand'>110912942.jpg</image>
        <image serachTag='Digital_Table'>114257098.jpg</image>
        <image serachTag='Wifi Tower Icon'>114793711.jpg</image>
        <image serachTag='Smart Phone'>115485946.jpg</image>
        <image serachTag='Check List Icon'>116420827.jpg</image>
        <image serachTag='3d_People'>122243314.jpg</image>
        <image serachTag='Time'>122417845.jpg</image>
        <image serachTag='Internal Gear'>125127824.jpg</image>
        <image serachTag='Icon Set'>133535981.jpg</image>
        <image serachTag='Risk'>145605232.jpg</image>
        <image serachTag='Quality Stamp'>148369613.jpg</image>
        <image serachTag='3d_Icon'>152997113.jpg</image>
        <image serachTag='Question Mark'>157594730.jpg</image>
        <image serachTag='Audit'>161137223.jpg</image>
        <image serachTag='Business Icons'>161137223.jpg</image>
        <image serachTag='Wrench_Symbol'>168324560.jpg</image>
        <image serachTag='Wrench_and_ Hamme'>181305683.jpg</image>
        <image serachTag='Business Icons'>205677328.jpg</image>
        <image serachTag='3D Icon Set'>3797971.jpg</image>
        <image serachTag='Icons'>165265259.jpg</image>


    </images>
	
	
    <!-- Images for Infographics goes here-->
    
    <images folder="gallery/Design_Elements/Infographics" data-filter="Infographics">
        <image serachTag='Paper Progress'>113517151.jpg</image>
        <image serachTag='Modern Design'>129583961.jpg</image>
        <image serachTag='Modern Design'>135431930.jpg</image>
        <image serachTag='Infographics'>157013240.jpg</image>
        <image serachTag='Infographics'>157328879.jpg</image>
        <image serachTag='3d_Question Marks'>158654843.jpg</image>
        <image serachTag='3d_Infographics'>160939238.jpg</image>
        <image serachTag='Modern Design'>161128406.jpg</image>
        <image serachTag='Infographics'>162604373.jpg</image>
        <image serachTag='Infographics'>167135327.jpg</image>
        <image serachTag='Infographics'>178184534.jpg</image>
        <image serachTag='Infographics'>187569377.jpg</image>
        <image serachTag='Infographics'>198700484.jpg</image>
        <image serachTag='Infographics'>217216120.jpg</image>
        
    </images>
	
    <!-- Images for Objects_Things goes here-->
    
    <images folder="gallery/Design_Elements/Objects_Things" data-filter="Objects_Things">
        <image serachTag='Objects_Things'>008.jpg</image>
        <image serachTag='Objects_Things'>009.jpg</image>
        <image serachTag='Objects_Things'>010.jpg</image>
        <image serachTag='Objects_Things'>011.jpg</image>
        <image serachTag='Objects_Things'>012.jpg</image>
        <image serachTag='Objects_Things'>015.jpg</image>
        <image serachTag='Objects_Things'>016.jpg</image>
        <image serachTag='Objects_Things'>035.jpg</image>
        <image serachTag='Objects_Things'>22867058.jpg</image>
        <image serachTag='Objects_Things'>22984977.jpg</image>
        <image serachTag='Objects_Things'>30396880.jpg</image>    
        <image serachTag='Rosewood_Desktop'>2070441.jpg</image>
        <image serachTag='Business_Objects'>11385697.jpg</image>
        <image serachTag='Brown Shoes'>94981486.jpg</image>  
        <image serachTag='Coffee_Shop'>99664388.jpg</image>
        <image serachTag='Radio_Telescope'>101793169.jpg</image>
        <image serachTag='Folders'>103570856.jpg</image>  
        <image serachTag='Strainer'>107982080.jpg</image>
        <image serachTag='Folders'>108559913.jpg</image>
        <image serachTag='Notebook'>110333081.jpg</image>  
        <image serachTag='Espresso'>111949736.jpg</image>
        <image serachTag='3D Laptop '>113654188.jpg</image>
        <image serachTag='CD or DVD'>116458474.jpg</image>  
        <image serachTag='Newspapers'>120608233.jpg</image>
        <image serachTag='Womans_bedroom'>140455537.jpg</image>  
        <image serachTag='Modern Office_Computers'>51692464.jpg</image>
        <image serachTag='Digital_Watch'>58286659.jpg</image>
        <image serachTag='Headphones'>63203263.jpg</image>
        <image serachTag='Car_Alternato'>67174159.jpg</image>
        <image serachTag='Helmet'>94361749.jpg</image>
        <image serachTag='Circle_Thermometer'>108802127.jpg</image>
        <image serachTag='Multimedia_Projector'>110469380.jpg</image>
        <image serachTag='3d_Concept'>122243314.jpg</image>
        <image serachTag='Mortgage_Application'>125536745.jpg</image>
        <image serachTag='Whee'>126154700.jpg</image>
        <image serachTag='Gearbox'>127201133.jpg</image>
        <image serachTag='CCTV Camera'>131328434.jpg</image>
        <image serachTag='Hummer'>133334627.jpg</image>
        <image serachTag='Piano Keyboard'>138386987.jpg</image>
        <image serachTag='Printing Machine'>142853563.jpg</image>
        <image serachTag='Access Control System'>152376536.jpg</image>
        <image serachTag='Thermometer'>156560903.jpg</image>
        <image serachTag='Chicks'>162071858.jpg</image>
        <image serachTag='Ventilator'>183924707.jpg</image>
        <image serachTag='CCTV Camera'>206709955.jpg</image>
        <image serachTag='Waterproof_Mobile_Radio'>186312503.jpg</image>
        <image serachTag='USB_Adapter'>126065387.jpg</image>
        <image serachTag='Data Copy'>25846693.jpg</image>
        <image serachTag='Plate'>59691637.jpg</image>

        
    </images>
		
		
    <!-- Images for Typography_Things goes here-->
    
    <images folder="gallery/Design_Elements/Typography" data-filter="Typography">
        <image serachTag='Typography'>112513820.jpg</image>
        <image serachTag='Typography'>120596836.jpg</image>
        <image serachTag='Typography'>151284509.jpg</image>
         
    </images>
	
    <!-- Images for Achievement goes here-->
    
    <images folder="gallery/Achievement" data-filter="Achievement">
        <image serachTag='Business Man_Shouting'>3092153.jpg</image>
        <image serachTag='Clapping_Hands'>3332453.jpg</image>
        <image serachTag='Business Man Working'>4059034.jpg</image>    
        <image serachTag='Human_Hands'>4599088.jpg</image>
        <image serachTag='Businesspeople'>9751609.jpg</image>
        <image serachTag='Businesspeople'>12869761.jpg</image>    
        <image serachTag='Businesspeople'>12869770.jpg</image>
        <image serachTag='Businesspeople'>12869773.jpg</image>
        <image serachTag='Successful_Businesswoman'>14046580.jpg</image>    
        <image serachTag='Businesspeople'>33417415.jpg</image>
        <image serachTag='Businesspeople'>37160908.jpg</image>
        <image serachTag='Successful_Businesswoman'>45190711.jpg</image>    
        <image serachTag='Businessman'>51350986.jpg</image>
        <image serachTag='Successful_Businesswoman'>54919300.jpg</image>
        <image serachTag='Successful_Businesswoman'>54919309.jpg</image>    
        <image serachTag='Successful_Businesswoman'>54919312.jpg</image>
        <image serachTag='Businesspeople'>55669075.jpg</image>
        <image serachTag='Businesspeople'>56229766.jpg</image>    
        <image serachTag='Woman_with_Laptop'>57359701.jpg</image>
        <image serachTag='Young Runner'>64120372.jpg</image>
        <image serachTag='Successful_Businesswoman'>74472403.jpg</image>    
        <image serachTag='Clapping_Hand'>75428938.jpg</image>
        <image serachTag='Handshake'>77448634.jpg</image>
        <image serachTag='Businesspeople'>83604835.jpg</image>    
        <image serachTag='Businessmen_and_Businesswomen'>85410385.jpg</image>
        <image serachTag='Businessman'>87984469.jpg</image>
        <image serachTag='Successful Business_Team'>88420900.jpg</image>    
        <image serachTag='Group of Young_Women'>88444567.jpg</image>
        <image serachTag='Office_Worker'>89909485.jpg</image>
        <image serachTag='Businesspeople'>90099325.jpg</image>    
        <image serachTag='Successful_Businesswoman'>91759889.jpg</image>
        <image serachTag='Successful_Businesswoman'>93897340.jpg</image>
        <image serachTag='Successful_Businesswoman'>95603941.jpg</image>    
        <image serachTag='Successful_Businesswoman'>95604559.jpg</image>
        <image serachTag='Businesspeople'>96146435.jpg</image>
        <image serachTag='Golden_and_Silver_Trophy'>96688366.jpg</image>    
        <image serachTag='Businesspeople'>101346088.jpg</image>
        <image serachTag='Businesspeople'>104291483.jpg</image>
        <image serachTag='Businesspeople'>104303930.jpg</image>    
        <image serachTag='Businessman'>108754355.jpg</image>
        <image serachTag='Business_Partners'>125338118.jpg</image>
        <image serachTag='Successful_Businesswoman'>125895752.jpg</image>    
        <image serachTag='Businesspeople'>129101333.jpg</image>
        <image serachTag='Successful_Businesswoman'>132803759.jpg</image>
        <image serachTag='Happy_Woman'>136639091.jpg</image>    
        <image serachTag='Golden_Trophy'>160408913.jpg</image>
        <image serachTag='Businessman'>173946572.jpg</image>
        <image serachTag='Milestone'>208949236.jpg</image>   
        <image serachTag='Trophies'>228890215.jpg</image>
        <image serachTag='Light Bulb_Concept'>232614046.jpg</image>  
        <image serachTag='Golden Trophy'>245418202.jpg</image>
        <image serachTag='Golden and Silver Trophy'>281586833.jpg</image>  
        <image serachTag='Golden_Trophy'>317005652.jpg</image>
        <image serachTag='Golden_Trophy'>320901542.jpg</image> 
        <image serachTag='Achievement'>19160698.jpg</image>
        <image serachTag='Achievement'>19160714.jpg</image>    
        <image serachTag='Achievement'>32137678.jpg</image>
        <image serachTag='Achievement'>32150572.jpg</image>
        <image serachTag='Achievement'>32197122.jpg</image>   
        <image serachTag='Achievement'>32210264.jpg</image>
        <image serachTag='Achievement'>32240280.jpg</image>  
        <image serachTag='Achievement'>32347719.jpg</image>
        <image serachTag='Achievement'>67734217.jpg</image>  
        <image serachTag='Achievement'>70490092.jpg</image>
        <image serachTag='Achievement'>125482451.jpg</image>   
	
    </images>
		
    <!-- Images for Travel & Holidays goes here-->

    <images folder="gallery/Communication/Travel_Holiday" data-filter="Travel_Holiday">
        <image serachTag='Girl_Climbing'>2566827.jpg</image>
        <image serachTag='Taj Mahal'>4875673.jpg</image>
        <image serachTag='Taj Mahal'>9144325.jpg</image>
        <image serachTag='School_Students'>14675596.jpg</image>
        <image serachTag='Learning_Tower'>47652784.jpg</image>
        <image serachTag='Suitcases'>50370892.jpg</image>  
        <image serachTag='London_Bridge'>51556306.jpg</image>
        <image serachTag='Eiffel Tower'>52293040.jpg</image>
        <image serachTag='Grate Pyramids'>55273084.jpg</image> 
        <image serachTag='Suitcases'>56709040.jpg</image>
        <image serachTag='Liberate Statue'>61206637.jpg</image>
        <image serachTag='Passenger_Plane'>65309419.jpg</image> 
        <image serachTag='Airport'>70050673.jpg</image>
        <image serachTag='Asian_Business_Woman'>71307490.jpg</image>
        <image serachTag='Passenger_Airplane'>71339176.jpg</image> 
        <image serachTag='Helping_Hand'>72816634.jpg</image>
        <image serachTag='Hotel_Key'>75457633.jpg</image>
        <image serachTag='Railway_Station'>75491554.jpg</image> 
        <image serachTag='Fun On Beach'>78205039.jpg</image>
        <image serachTag='Tower Bridge'>79375252.jpg</image>
        <image serachTag='Tangled_Roads'>88636288.jpg</image> 
        <image serachTag='Tangled_Roads'>88995475.jpg</image>
        <image serachTag='Commercial_Airplane'>90614740.jpg</image>
        <image serachTag='Great Pyramid'>91826000.jpg</image> 
        <image serachTag='Airport'>94244692.jpg</image>
        <image serachTag='Couple on Island'>97745627.jpg</image>
        <image serachTag='Hiking_Collage'>99056972.jpg</image>
        <image serachTag='Cargo_Ship'>100828090.jpg</image>
        <image serachTag='Young Backpackers'>102396898.jpg</image>
        <image serachTag='Airport_Runway'>107224076.jpg</image>  
        <image serachTag='Terminal'>107640533.jpg</image>
        <image serachTag='Businessman'>109125005.jpg</image>
        <image serachTag='Airport'>109420478.jpg</image> 
        <image serachTag='Airplane'>110793839.jpg</image>
        <image serachTag='Manhattan_Skyline'>111189209.jpg</image>
        <image serachTag='Hong Kong City'>112151312.jpg</image> 
        <image serachTag='Young_Family'>113286646.jpg</image>
        <image serachTag='Travel_The_World'>113899084.jpg</image>
        <image serachTag='Highway_Traffic'>114034636.jpg</image> 
        <image serachTag='Water_Rafting'>114911380.jpg</image>
        <image serachTag='Family_Under_Beach_Umbrella'>116323108.jpg</image>
        <image serachTag='Family_On_Beach'>116328874.jpg</image> 
        <image serachTag='Plane_At_Airport'>116573452.jpg</image>
        <image serachTag='Airplane'>117016681.jpg</image>
        <image serachTag='Arrows'>117643993.jpg</image> 
        <image serachTag='Passenger_Plane'>117857620.jpg</image>
        <image serachTag='Passenger_Plane'>121359172.jpg</image>
        <image serachTag='Travel_Agent_Office_Illustration'>126159104.jpg</image>  
        <image serachTag='Travel_the_world'>127288088.jpg</image>
        <image serachTag='Airplane'>129132983.jpg</image>
        <image serachTag='Airport'>135704648.jpg</image>
        <image serachTag='Paragliding'>150893516.jpg</image>
        <image serachTag='Great Wall_of_China'>153583943.jpg</image>
        <image serachTag='Man_Sitting_On_Chair'>184615460.jpg</image>  
        <image serachTag='Jet_Airliner'>186964970.jpg</image>
        <image serachTag='Bank_of_Yamuna'>220484152.jpg</image>
        <image serachTag='Ships_and_Cranes'>222360739.jpg</image> 
        <image serachTag='Airplane'>241896625.jpg</image>
        <image serachTag='Mountain_Climbing_Team'>252730012.jpg</image>
        <image serachTag='Successful_Man'>253966762.jpg</image> 
        <image serachTag='Deforestation'>257609350.jpg</image>
        <image serachTag='Harbour_and_Boats'>259595084.jpg</image>
        <image serachTag='Mountain_Climbing_Team'>260707700.jpg</image> 
        <image serachTag='Summer_Vacation'>274984139.jpg</image>
        <image serachTag='Road_and_Land Bridge'>282620168.jpg</image>
        <image serachTag='People_Climbing_Ramp'>282743873.jpg</image> 
        <image serachTag='Empty_Chairs'>298411103.jpg</image>
        <image serachTag='Travel_Illustration'>300181565.jpg</image>
        <image serachTag='Vacation_Holidays_background'>302683349.jpg</image> 
        <image serachTag='Travel_Background'>34525866.jpg</image>
        <image serachTag='Travel_Background'>35284313.jpg</image> 		 
    </images>
	
    <!-- Images for Transport goes here-->
	
    <images folder="gallery/Communication/Transport" data-filter="Transport">
        <image serachTag='Transport Lorry'>31029583.jpg</image> 
        <image serachTag='Transport Garage'>58216909.jpg</image>
        <image serachTag='Transport Lorry'>67789705.jpg</image>
        <image serachTag='Transport Lorry Ship Aeroplane'>83754460.jpg</image> 
        <image serachTag='Transport Car'>97401746.jpg</image>
        <image serachTag='Transport Car'>100205036.jpg</image>
        <image serachTag='Transport Car'>100836493.jpg</image> 
        <image serachTag='Transport Ship'>100918438.jpg</image>
        <image serachTag='Transport Rail Metro'>109624334.jpg</image>
        <image serachTag='Transport Car'>113596858.jpg</image>
        <image serachTag='Transport Ship'>123914935.jpg</image>
        <image serachTag='Transport Lorry'>127850414.jpg</image>		
        <image serachTag='Transport Lorry Truck Flyover'>129676280.jpg</image>  
        <image serachTag='Transport Aeroplane'>133550825.jpg</image>
        <image serachTag='Transport Truck'>134305604.jpg</image>
        <image serachTag='Transport Lorry Ship Aeroplane'>136322768.jpg</image> 
        <image serachTag='Transport Truck'>159443354.jpg</image>		
        <image serachTag='Transport Truck'>163311605.jpg</image>
        <image serachTag='Transport Car'>182263487.jpg</image> 
        <image serachTag='Transport Aeroplane Airport'>190197782.jpg</image>
        <image serachTag='Transport Aeroplane'>195163190.jpg</image>
       
    </images>
	
    <!-- Images for Education & Learning goes here-->
	
    <images folder="gallery/Education_Learning/Education_Learning" data-filter="Education_Learning">
        <image serachTag='Online_Information'>52634716.jpg</image>
        <image serachTag='Student'>53879842.jpg</image>
        <image serachTag='Student'>53879848.jpg</image>
        <image serachTag='Graduation_Caps'>57140281.jpg</image>
        <image serachTag='Teen_Girl'>58792003.jpg</image>
        <image serachTag='High School_Students'>60709666.jpg</image>
        <image serachTag='College_Student'>63546325.jpg</image>
        <image serachTag='College_Student'>64191979.jpg</image>
        <image serachTag='Student'>65040943.jpg</image>
        <image serachTag='Happy_Students'>66080401.jpg</image>
        <image serachTag='Children'>66093700.jpg</image>
        <image serachTag='Computer_Lab'>67983910.jpg</image>
        <image serachTag='Teacher_and_Student'>76693396.jpg</image>
        <image serachTag='Students'>77073610.jpg</image>
        <image serachTag='High School_Students'>78367747.jpg</image>
        <image serachTag='Graduation_Caps'>79498447.jpg</image>
        <image serachTag='Students'>79971958.jpg</image>
        <image serachTag='Students'>80114104.jpg</image>
        <image serachTag='Cute Girl_Reading'>82390495.jpg</image>
        <image serachTag='Graduation_Hats'>83821315.jpg</image>
        <image serachTag='Young_Girl'>84334774.jpg</image>
        <image serachTag='Cute Teen_Sitting'>84837739.jpg</image>
        <image serachTag='Students'>85257553.jpg</image>
        <image serachTag='Teenage_Girl_Studying'>88243420.jpg</image>
        <image serachTag='Graduation_Hats'>95717242.jpg</image>
        <image serachTag='Teenage_Girl_Studying'>99170486.jpg</image>
        <image serachTag='Books'>101276455.jpg</image>
        <image serachTag='Graduation_Cap'>101835691.jpg</image>
        <image serachTag='Girl'>103175579.jpg</image>
        <image serachTag='Schoolchildren'>105008594.jpg</image>
        <image serachTag='Business_People'>106710041.jpg</image>
        <image serachTag='Children'>107717993.jpg</image>
        <image serachTag='Young_Girl'>108350228.jpg</image>
        <image serachTag='Students'>108956621.jpg</image>
        <image serachTag='Books'>110298509.jpg</image>
        <image serachTag='Wooden_Office_Desk'>111115319.jpg</image>
        <image serachTag='Wooden_Office_Desk'>111380804.jpg</image>
        <image serachTag='Books'>112044239.jpg</image>
        <image serachTag='Boy_Using_Computer'>112859077.jpg</image>
        <image serachTag='Student'>115758757.jpg</image>
        <image serachTag='School_and_Office'>127602944.jpg</image>
        <image serachTag='wooden_ruler'>130002836.jpg</image>
        <image serachTag='Students'>133805588.jpg</image>
        <image serachTag='Office_Shelves'>135055442.jpg</image>
        <image serachTag='Smart_Students'>137760329.jpg</image>
        <image serachTag='Handwriting'>141348841.jpg</image>
        <image serachTag='Office_Folders'>147441812.jpg</image>
        <image serachTag='School_and_Office'>148217354.jpg</image>
        <image serachTag='College_Students'>156575714.jpg</image>
        <image serachTag='School_Concept'>157150532.jpg</image>
        <image serachTag='Students'>160684031.jpg</image>
        <image serachTag='Students'>167557766.jpg</image>
        <image serachTag='Word Credit_Risk'>179871422.jpg</image>
        <image serachTag='Group Of People'>191302796.jpg</image>
        <image serachTag='Notepad_and-pencil'>196719569.jpg</image>
        <image serachTag='Smiling_Woman'>200132000.jpg</image>
        <image serachTag='Report card'>202809568.jpg</image>
        <image serachTag='IT_Communication'>208933615.jpg</image>
        <image serachTag='learning'>211930114.jpg</image>
        <image serachTag='Female_Student'>215622985.jpg</image>
        <image serachTag='Students'>215627725.jpg</image>
        <image serachTag='Students'>216146908.jpg</image>
        <image serachTag='Pencils'>227513170.jpg</image>
        <image serachTag='Books'>304686326.jpg</image>
        <image serachTag='Education'>26255742.jpg</image>
        <image serachTag='Education'>26255751.jpg</image>
        <image serachTag='Education'>26255760.jpg</image>
        <image serachTag='Education'>26255841.jpg</image>
        <image serachTag='Education'>26255877.jpg</image>
        <image serachTag='Education'>26256039.jpg</image>
        <image serachTag='Education'>26256075.jpg</image>
        <image serachTag='Education'>26256138.jpg</image>
        <image serachTag='Education'>26256156.jpg</image>
        <image serachTag='Education'>26256534.jpg</image>
        <image serachTag='Education'>26256651.jpg</image>
        <image serachTag='Education'>26256705.jpg</image>
        <image serachTag='Education'>26256750.jpg</image>
        <image serachTag='Education'>26256804.jpg</image>
        <image serachTag='Education'>26256822.jpg</image>
        <image serachTag='Education'>26256831.jpg</image>
        <image serachTag='Education'>26256903.jpg</image>
        <image serachTag='Education'>26256939.jpg</image>
        <image serachTag='Education'>26256957.jpg</image>
		
    </images>	
	
    <!-- Images for Law & Security goes here-->
	
    <images folder="gallery/Education_Learning/Law_Security" data-filter="Law_Security">
        <image serachTag='cctv Security_system'>18086623.jpg</image>
        <image serachTag='Security'>14800201.jpg</image>
        <image serachTag='Law Weight'>34489600.jpg</image>
        <image serachTag='Law Weight'>34559589.jpg</image>
        <image serachTag='Law Weight'>34559599.jpg</image>
        <image serachTag='Law Weight'>34559606.jpg</image>
        <image serachTag='laptop Security'>51097753.jpg</image>		
        <image serachTag='magnifying_glass privacy confidentiality security'>61235782.jpg</image>
        <image serachTag='justice'>64582591.jpg</image>		
        <image serachTag='circuit_board fiber optic security'>65198842.jpg</image>
        <image serachTag='chain security'>67368766.jpg</image>
        <image serachTag='lock security'>71292040.jpg</image>
        <image serachTag='contract security'>95621893.jpg</image>
        <image serachTag='fingerprint_data_protection security'>103215926.jpg</image>
        <image serachTag='Lock security'>103378880.jpg</image>
        <image serachTag='Law weight'>108659294.jpg</image>
        <image serachTag='Lock security'>112213985.jpg</image>
        <image serachTag='wooden gavel Law'>115333348.jpg</image>
        <image serachTag='Cwooden gavel Law'>115556440.jpg</image>
        <image serachTag='security computers'>118589488.jpg</image>
        <image serachTag='data loss security'>122137552.jpg</image>
        <image serachTag='rubber_stamp'>138129767.jpg</image>
        <image serachTag='Business_Security, Network_Security Computer_Security lock'>140306488.jpg</image>
        <image serachTag='law gavel books globe'>145129567.jpg</image>
        <image serachTag='privacy concept security'>149784911.jpg</image>
        <image serachTag='big_data digital_background security'>155191394.jpg</image>
        <image serachTag='internet security'>165303932.jpg</image>
        <image serachTag='login password security'>165501713.jpg</image>
        <image serachTag='security cctv'>179460134.jpg</image>
        <image serachTag='security cctv'>183201143.jpg</image>
        <image serachTag='internet security'>190782158.jpg</image>
        <image serachTag='equality law'>221466169.jpg</image>
        <image serachTag='scissors tax security'>241285279.jpg</image>
		
    </images>	
	
    <images folder="gallery/Buildings_Interiors/Building" data-filter="Building">
        <image serachTag='Office_Building'>28395748.jpg</image>
        <image serachTag='Office_Building'>29868559.jpg</image>
        <image serachTag='Office_Building'>33452911.jpg</image>
        <image serachTag='Cargo_Trucks'>39955006.jpg</image>
        <image serachTag='People_Walking'>40055971.jpg</image>
        <image serachTag='Environment'>40196992.jpg</image>
        <image serachTag='Banganga Village'>49837105.jpg</image>
        <image serachTag='Office_Building'>50572087.jpg</image>
        <image serachTag='Business Center'>51445444.jpg</image>
        <image serachTag='Conference_Room'>51922936.jpg</image>
        <image serachTag='Powerplant'>52898251.jpg</image>
        <image serachTag='Historic_Building'>55621519.jpg</image>
        <image serachTag='Empty Road'>61599592.jpg</image>
        <image serachTag='College_Building'>64954048.jpg</image>
        <image serachTag='Lujiazui_Financial Centre'>65733115.jpg</image>
        <image serachTag='Industrial_Hall'>67490029.jpg</image>
        <image serachTag='3d_Buildings'>68998894.jpg</image>
        <image serachTag='Hong Kong'>69286567.jpg</image>
        <image serachTag='3d_House'>69610276.jpg</image>
        <image serachTag='3d_Buildings'>71036287.jpg</image>
        <image serachTag='Office_Building'>72029941.jpg</image>
        <image serachTag='City'>72700729.jpg</image>
        <image serachTag='Home'>77945680.jpg</image>
        <image serachTag='3d_Buildings'>79431958.jpg</image>
        <image serachTag='Office-Building'>83102185.jpg</image>
        <image serachTag='3d_Buildings'>84787612.jpg</image>
        <image serachTag='Goalman'>85067284.jpg</image>
        <image serachTag='Crowd'>85628539.jpg</image>
        <image serachTag='Tropical-Villa'>95787298.jpg</image>
        <image serachTag='Buildings_Icon'>97385093.jpg</image>
        <image serachTag='Server_Background'>98119775.jpg</image>
        <image serachTag='Nuclear_Plant'>102466547.jpg</image>
        <image serachTag='Clouds'>103787714.jpg</image>
        <image serachTag='Cargo_Ships'>104909027.jpg</image>
        <image serachTag='Modern-City'>105004703.jpg</image>
        <image serachTag='Modern_Server_Room'>105784187.jpg</image>
        <image serachTag='clouds'>106367810.jpg</image>
        <image serachTag='Business_Building'>106444862.jpg</image>
        <image serachTag='Factory'>106869758.jpg</image>
        <image serachTag='Water_Pollution'>107799584.jpg</image>
        <image serachTag='Family_Concept'>108189845.jpg</image>
        <image serachTag='3d_Building'>110160008.jpg</image>
        <image serachTag='3d_Buildings'>110415206.jpg</image>
        <image serachTag='3d_Buildings'>110415212.jpg</image>
        <image serachTag='Soccer_Ball'>110918564.jpg</image>
        <image serachTag='Office_Buildings'>112028702.jpg</image>
        <image serachTag='Begging'>113310862.jpg</image>
        <image serachTag='Cricket'>114007321.jpg</image>
        <image serachTag='3d_Illustration'>114051001.jpg</image>
        <image serachTag='Glass_Building'>114456130.jpg</image>
        <image serachTag='Calendar'>115301092.jpg</image>
        <image serachTag='Mount Jungfrau'>115483111.jpg</image>
        <image serachTag='Travel_Background'>115549870.jpg</image>
        <image serachTag='3d_Buildings'>115952164.jpg</image>
        <image serachTag='Office_Building'>116287663.jpg</image>
        <image serachTag='Happy_Family'>120079906.jpg</image>
        <image serachTag='Airplane'>124439464.jpg</image>
        <image serachTag='Luxury_House'>126154055.jpg</image>
        <image serachTag='Urban_Girl'>126318380.jpg</image>
        <image serachTag='Football_Players'>129030995.jpg</image>
        <image serachTag='Restaurant_Interior'>129644894.jpg</image>
        <image serachTag='White_Truck'>129676280.jpg</image>
        <image serachTag='Construction Site'>130314980.jpg</image>
        <image serachTag='Cooperation_Concept'>133258751.jpg</image>
        <image serachTag='Lion'>134465936.jpg</image>
        <image serachTag='Office_Building'>135292814.jpg</image>
        <image serachTag='Old_Mashines'>135811553.jpg</image>
        <image serachTag='Windmills'>136185197.jpg</image>
        <image serachTag='Glass City_Buildings'>137977730.jpg</image>
        <image serachTag='Bike_Riding'>138231248.jpg</image>
        <image serachTag='correct_or_incorrect'>139284242.jpg</image>
        <image serachTag='Blue_Sky'>140759689.jpg</image>
        <image serachTag='Summer'>140828281.jpg</image>
        <image serachTag='Banner'>141076960.jpg</image>
        <image serachTag='Modern_Building_Background'>142209220.jpg</image>
        <image serachTag='Woodpecker_Bird'>142696573.jpg</image>
        <image serachTag='Cafe'>143834131.jpg</image>
        <image serachTag='Modern_House'>143981704.jpg</image>
        <image serachTag='Slum_House'>146030789.jpg</image>
        <image serachTag='Soccer'>146810768.jpg</image>
        <image serachTag='Lamp_Decor'>149161868.jpg</image>
        <image serachTag='Flooded_treet'>151380005.jpg</image>
        <image serachTag='Communication_Tower'>151391516.jpg</image>
        <image serachTag='Water'>153575576.jpg</image>
        <image serachTag='Abstract Background'>155097227.jpg</image>
        <image serachTag='Factory_Pipe'>155265725.jpg</image>
        <image serachTag='Office-Building'>155631467.jpg</image>
        <image serachTag='Hand Painted_Background'>156610139.jpg</image>
        <image serachTag='Office_Building'>157073183.jpg</image>
        <image serachTag='Woman'>158298494.jpg</image>
        <image serachTag='Soccer_Ball'>158329139.jpg</image>
        <image serachTag='Airport_Interior'>160014485.jpg</image>
        <image serachTag='Business_Building'>164782685.jpg</image>
        <image serachTag='Modern_Office'>165287699.jpg</image>
        <image serachTag='White_Shark'>166336202.jpg</image>
        <image serachTag='Office_Interior'>166356719.jpg</image>
        <image serachTag='New House'>166947962.jpg</image>
        <image serachTag='Wingalsses'>168122873.jpg</image>
        <image serachTag='Circuit_Diagram'>169081292.jpg</image>
        <image serachTag='Road_Construction'>169467491.jpg</image>
        <image serachTag='Girl'>170818679.jpg</image>
        <image serachTag='Warehouse'>171247157.jpg</image>
        <image serachTag='Stadium'>171847592.jpg</image>
        <image serachTag='Petrochemical_Plant'>175015778.jpg</image>
        <image serachTag='Office_Interior'>176645993.jpg</image>
        <image serachTag='Long Street_and_City'>178314617.jpg</image>
        <image serachTag='Soccer_Player'>178706702.jpg</image>
        <image serachTag='Spring_Time'>178978046.jpg</image>
        <image serachTag='Europe'>180408071.jpg</image>
        <image serachTag='Exercising_Concept'>180557219.jpg</image>
        <image serachTag='Mountains'>183694457.jpg</image>
        <image serachTag='Office_Building'>186752795.jpg</image>
        <image serachTag='Solar_Panels'>187381496.jpg</image>
        <image serachTag='Water'>189814190.jpg</image>
        <image serachTag='European_Restaurant'>191799416.jpg</image>
        <image serachTag='Stadium'>195552467.jpg</image>
        <image serachTag='Rainbow Colored_Wire'>195675929.jpg</image>
        <image serachTag='Streetlights'>196505018.jpg</image>
        <image serachTag='Senior Man'>198973802.jpg</image>
        <image serachTag='Royal Bengal tiger'>201479657.jpg</image>
        <image serachTag='Oil_Refinery'>203615761.jpg</image>
        <image serachTag='Road_district'>212559223.jpg</image>
        <image serachTag='Tree'>212768245.jpg</image>
        <image serachTag='Group of People'>213006112.jpg</image>
        <image serachTag='computer_Tablet'>214450246.jpg</image>
        <image serachTag='Door_Mat'>214697242.jpg</image>
        <image serachTag='Photoelectric_Sensor'>215046397.jpg</image>
        <image serachTag='Business_Center'>215687950.jpg</image>
        <image serachTag='Water'>217026022.jpg</image>
        <image serachTag='World Map_Illustration'>217682908.jpg</image>
        <image serachTag='Rainy_Sky'>219563266.jpg</image>
        <image serachTag='Smiling_Woman'>222526348.jpg</image>
        <image serachTag='Construction Site'>223248622.jpg</image>
        <image serachTag='Creative_Sign'>223963798.jpg</image>
        <image serachTag='Planting_Concept'>225149986.jpg</image>
        <image serachTag='Wrinkled_Hands'>225555025.jpg</image>
        <image serachTag='Shanghai'>228418264.jpg</image>
        <image serachTag='Life'>228941173.jpg</image>
        <image serachTag='3d_Cardboard_Boxes'>230908780.jpg</image>
        <image serachTag='Pointing Directions_Sign'>231233446.jpg</image>
        <image serachTag='Watercolor'>237228328.jpg</image>
        <image serachTag='Forested Area'>240827542.jpg</image>
        <image serachTag='People_Communicating'>241883770.jpg</image>
        <image serachTag='3D _Coffee_Shop_Interior'>245423674.jpg</image>
        <image serachTag='Empty Restaurant_Terrace'>245484772.jpg</image>
        <image serachTag='Timber_Texture'>247415164.jpg</image>
        <image serachTag='New Life Start_Concept'>248095732.jpg</image>
        <image serachTag='Office_Building'>255439123.jpg</image>
        <image serachTag='Businessman'>260285294.jpg</image>
        <image serachTag='Sunny Road'>267602975.jpg</image>
        <image serachTag='Modern_Office_Building_Tower'>280621871.jpg</image>
        <image serachTag='Classic_Homes'>282845672.jpg</image>
        <image serachTag='Oil_Refinery'>284675738.jpg</image>
        <image serachTag='Park'>294875114.jpg</image>
        <image serachTag='Office_Buildings'>311477231.jpg</image>
        <image serachTag='Building'>9899592.jpg</image>
        <image serachTag='Building'>9899627.jpg</image>
        <image serachTag='Building'>9944004.jpg</image>
        <image serachTag='Building'>16318717.jpg</image>
        <image serachTag='Building'>34499823.jpg</image>
        <image serachTag='Building'>34499843.jpg</image>
        <image serachTag='Building'>34628110.jpg</image>
        <image serachTag='Building'>34787111.jpg</image>
        <image serachTag='Building'>34816787.jpg</image>
        <image serachTag='Building'>34816808.jpg</image>
        <image serachTag='Building'>34817521.jpg</image>
        <image serachTag='Building'>34817873.jpg</image>
        <image serachTag='Building'>34819490.jpg</image>
        <image serachTag='Building'>34819578.jpg</image>
        <image serachTag='Building'>34940828.jpg</image>
	    			
    </images>
	
    <!-- Images for Innovation goes here-->
    
    <images folder="gallery/Innovation" data-filter="Innovation">
        <image serachTag='Innovation Fresh Red Wet Apple'>54807814.jpg</image>
        <image serachTag='Innovation Scientists Lab'>65005189.jpg</image>    
        <image serachTag='Innovation Serious_Female Scientist Clipboard'>67885987.jpg</image>
        <image serachTag='Innovation Question Business_Hand'>78506752.jpg</image> 
        <image serachTag='Innovation People Gear Wheels'>84507760.jpg</image>
        <image serachTag='Innovation Businessman Pressing Modern Buttons'>92389585.jpg</image> 
        <image serachTag='Innovation Robot Family'>93054211.jpg</image>
        <image serachTag='Innovation Social Network'>94855771.jpg</image>    
        <image serachTag='Innovation Group_of_Tiny_People  Walking'>95035678.jpg</image>
        <image serachTag='Innovation Young Business_Person Working'>105682685.jpg</image> 
        <image serachTag='Innovation Touch Tablet'>106095698.jpg</image>
        <image serachTag='Innovation Business Diagram'>106636133.jpg</image>    
        <image serachTag='Innovation Light Bulb Business_person'>107999012.jpg</image>
        <image serachTag='Innovation Magic Technology Social Network'>110678495.jpg</image> 
        <image serachTag='Innovation Business Hands Holding bulb'>115823275.jpg</image>
        <image serachTag='Innovation Smart Female College_Student Books light bulb'>115933708.jpg</image> 
        <image serachTag='Innovation Notebook'>118768450.jpg</image>
        <image serachTag='Innovation Businessman'>120481156.jpg</image>    
        <image serachTag='Innovation Modern_Technology Illustration Computers'>120990766.jpg</image>
        <image serachTag='Innovation Modern Wireless Technology Illustration'>121223380.jpg</image> 	
        <image serachTag='Innovation Incandescent Light Bulbs'>125079611.jpg</image>
        <image serachTag='Innovation Beautiful Young Woman Medical Lab'>125358290.jpg</image>    
        <image serachTag='Innovation Birds Clouds'>127764161.jpg</image>
        <image serachTag='Innovation Pixelated_Head Gears Icon'>131210264.jpg</image> 
        <image serachTag='Innovation Man Drawing Strategy Brick Wall'>131686697.jpg</image>
        <image serachTag='Innovation Pretty Business Woman Currency Symbols'>131790983.jpg</image> 
        <image serachTag='Innovation Business woman Virtual Interface Icons'>131791403.jpg</image>
        <image serachTag='Innovation Green World Leaf Butterfly'>140891830.jpg</image>    
        <image serachTag='Innovation Ecology'>152038253.jpg</image>
        <image serachTag='Innovation Social Network Concept'>156141581.jpg</image> 	
        <image serachTag='Innovation Conceptual Image Business team'>157130114.jpg</image>
        <image serachTag='Innovation Businessman Financial Symbols'>158828282.jpg</image>    
        <image serachTag='Innovation Businessman Financial Symbols'>159200168.jpg</image>
        <image serachTag='Innovation Magnifying_Glass Light Bulb Icon'>162736637.jpg</image> 
        <image serachTag='Innovation Compass Needle 3D'>162848774.jpg</image>
        <image serachTag='Innovation Businessman Financial_Symbol'>165736928.jpg</image> 
        <image serachTag='Innovation Tree_Shaped Business concept'>176044799.jpg</image>
        <image serachTag='Innovation Businessman Hand_Draws Gear'>195596789.jpg</image>    
        <image serachTag='Innovation Pencil Light Bulb 3D'>198721613.jpg</image>
        <image serachTag='Innovation Businessman'>199744604.jpg</image> 
        <image serachTag='Innovation Light_Bulb Glowing Bulb'>203545792.jpg</image>
        <image serachTag='Innovation Tablet PC'>215773528.jpg</image> 
        <image serachTag='Innovation'>110269307.jpg</image> 
		
    </images>
	
    <!-- Images for Food and Snacks goes here-->
    
    <images folder="gallery/Food_Snacks" data-filter="FoodSnacks">
        <image serachTag='Snacks Meat Sandwich Ham Cheese'>57784627.jpg</image>
        <image serachTag='Food Snacks Counting Calories'>58590076.jpg</image>    
        <image serachTag='Snacks Cheese'>71253016.jpg</image>
        <image serachTag='Food Chicken Noodle_Soup Cups'>74310931.jpg</image> 
        <image serachTag='Food Snacks Calories Count'>75223777.jpg</image>
        <image serachTag='Snacks Mashed_Potatoes Chives'>80862997.jpg</image> 
        <image serachTag='Food Snacks Fast_Food'>105114527.jpg</image>
        <image serachTag='Snacks Glasses Drinks Restaurant'>105118211.jpg</image>    
        <image serachTag='Food Snacks White_Plate Wooden Table'>117169492.jpg</image>
        <image serachTag='Snacks Beef Tacos'>132010133.jpg</image>
        <image serachTag='Food For Thought'>132337193.jpg</image>
        <image serachTag='Food Ratatouille'>133205039.jpg</image>    
        <image serachTag='Food Ripe Fruit'>133843049.jpg</image>
        <image serachTag='Food Snacks Yellow Sticky_Note'>134842586.jpg</image> 
        <image serachTag='Food Snacks Empty_Plate Spoon Knife Fork'>135487442.jpg</image>
        <image serachTag='Food Snacks Shopping Basket Grocery Products'>142229620.jpg</image> 
        <image serachTag='Snacks Fresh Salad Carrot Zucchini'>142345927.jpg</image>
        <image serachTag='Snacks Minced Meat Vegetables Mushroom Sauce'>147083915.jpg</image>    
        <image serachTag='Snacks Homemade BreadSticks Marinara Sauce Italian Spices'>151882058.jpg</image>
        <image serachTag='Snacks Baked bread Bell Peppers'>153615926.jpg</image>
        <image serachTag='Snacks Pizza'>159142718.jpg</image>
        <image serachTag='Snacks Pan-Grilled Pepper steak'>165717677.jpg</image>    
        <image serachTag='Snacks Taco Shells'>180363299.jpg</image>
        <image serachTag='Snacks Nutrition Nuts'>181913723.jpg</image> 
        <image serachTag='Food Diet Small Food Plate'>190938746.jpg</image>
        <image serachTag='Snacks Hand Holding Sushi_Roll chopsticks'>192116864.jpg</image> 
        <image serachTag='Snacks Crispy Chicken Burger'>195148013.jpg</image>
        <image serachTag='Food Snacks HumanBody Organs'>201527969.jpg</image>    
        <image serachTag='Food Woman Dinner'>209969872.jpg</image>
        <image serachTag='Snacks Nutrition Choic Diet'>217363123.jpg</image>
        <image serachTag='Snacks GreenOlives Spices'>231547855.jpg</image>
        <image serachTag='Food Snacks Peroxynitrite (sodium) Nitrogen Species Molecule'>242448880.jpg</image>    
	  	
    </images>
		
    <!-- Images for Merchandising goes here-->
    
    <images folder="gallery/Merchandising" data-filter="Merchandising">
        <image serachTag='Merchandising Market Cart'>72041728.jpg</image>
        <image serachTag='Merchandising Market Cart'>95597197.jpg</image>    
        <image serachTag='Merchandising Young Women Shopping Mall'>113480041.jpg</image>
        <image serachTag='Merchandising Girl Supermarket'>114874828.jpg</image> 
        <image serachTag='Merchandising Shopping_Carts Car_Park'>127396400.jpg</image>
        <image serachTag='Merchandising Shopping'>138499562.jpg</image> 
        <image serachTag='Merchandising Dice'>139696993.jpg</image>
        <image serachTag='Merchandising Paper Shopping_Bags'>139742176.jpg</image>    
        <image serachTag='Merchandising Empty Shopping_Cart Supermarket'>171787895.jpg</image>
        <image serachTag='Merchandising Beautiful Women Grocery_Store Supermarket'>172968134.jpg</image> 
	    	
    </images>
	
    <!-- Images for Entertainment goes here-->
    
    <images folder="gallery/Entertainment/Entertainment_zone" data-filter="Entertainment_zone">
        <image serachTag='Entertainment Casino 3d rendered'>53833435.jpg</image>
        <image serachTag='Entertainment Close-up People Cheer'>72273553.jpg</image>
        <image serachTag='Entertainment 3d Illustration Cinema Film_Reel Background'>85768900.jpg</image>    
        <image serachTag='Illustration Entertainment Popcorn Bucket'>90400150.jpg</image>
        <image serachTag='Entertainment Laptop Email Download Internet Research_Idea'>91096202.jpg</image>
        <image serachTag='Illustration Entertainment Folder Cinema'>93031633.jpg</image>  
        <image serachTag='Entertainment Filmmaking_Concept Scene Dramatic_Lighting'>93961807.jpg</image>
        <image serachTag='Entertainment Male_Hands Video_Game_Closeup'>94215352.jpg</image>
        <image serachTag='Entertainment Anniversary Cake Burning_Candles'>100816597.jpg</image>    
        <image serachTag='Entertainment Modern_Technology Media Notebook Concept'>107588282.jpg</image>
        <image serachTag='Young_People Bar Drinking_Beer Fun'>113376367.jpg</image>
        <image serachTag='Entertainment _Vector_Illustration Clapper_Board Film Movie Cinema_Production'>119631955.jpg</image> 
        <image serachTag='Entertainment Conceptual_Image Smart_Phone Tablet Computer Internet Virtual_Door'>120166351.jpg</image>
        <image serachTag='Entertainment Child_With_Mother Water Aquapark Summer_Holiday'>132754757.jpg</image>
        <image serachTag='Entertainment Giant_Ferris Wheel Amusement_Park Fairground Ride'>144515678.jpg</image>    
        <image serachTag='Entertainment Vector_Illustration Summer Travel'>171412658.jpg</image>
        <image serachTag='Entertainment PopcornBox Disposable Cup Beverages'>189533999.jpg</image>
        <image serachTag='Entertainment Boy_Playing Video_Games'>220455661.jpg</image> 
        <image serachTag='Entertainment Movie Cinema Concept Retro Camera 3d'>226081837.jpg</image> 
	
    </images>
	
	
    <!-- Images for Gift goes here-->
    
    <images folder="gallery/Entertainment/Gift" data-filter="Gift">
        <image serachTag='Gift Box Background'>113923171.jpg</image>
        <image serachTag='Gift Box'>124693735.jpg</image>
        <image serachTag='Hands_Holding Gift'>129320129.jpg</image>    
        <image serachTag='Gift Invitation'>199599551.jpg</image>
		
    </images>
	
    <!-- Images for Music goes here-->
    
    <images folder="gallery/Entertainment/Music" data-filter="Music">
        <image serachTag='Music Crowd Concert Silhouette'>62439886.jpg</image>
        <image serachTag='Music_Notes Illustration'>69136978.jpg</image>
        <image serachTag='Music Silhouettes Concert Crowd Stage'>80074414.jpg</image>    
        <image serachTag='Music Violinists Classical_Concert'>93227590.jpg</image>
        <image serachTag='Music Guitarist Rock_Concert'>93958540.jpg</image>
        <image serachTag='Music Cello Musician Instrument'>101996677.jpg</image>
        <image serachTag='Live_Music Background Microphone'>104371835.jpg</image>    
        <image serachTag='Music_notes Background Vector_illustration'>104974700.jpg</image>
        <image serachTag='Retro_Music Microphone Background'>125810294.jpg</image>
        <image serachTag='Music Cheering_Fans Life_Concert'>126031223.jpg</image>
        <image serachTag='Music'>127336073.jpg</image>    
        <image serachTag='Crowd Music_Concert Audience'>137092160.jpg</image>
        <image serachTag='Music Background Microphone Guitar Speakers'>138582755.jpg</image>    
        <image serachTag='Music_Silhouettes_Concert Crowd Stage'>149002487.jpg</image>
    </images>
	
    <!-- Images for Finance goes here-->
    
    <images folder="gallery/Finance" data-filter="Finance">
        <image serachTag='Finance Calculator and Pen'>1714060.jpg</image>
        <image serachTag='Finance Background'>10000375.jpg</image>
        <image serachTag='Finance Hand With Money And Car_Keys'>21916999.jpg</image>
        <image serachTag='Finance Shaking_Hands With Contract'>39420616.jpg</image>
        <image serachTag='Finance Online_Shopping'>45912589.jpg</image>
        <image serachTag='Finance Rubber_Stamp '>47157391.jpg</image>
        <image serachTag='Finance Time is Money'>50701660.jpg</image>
        <image serachTag='Finance Key of New_Home'>54222883.jpg</image>
        <image serachTag='Finance Bank_Sign '>54913933.jpg</image>
        <image serachTag='Finance Blue_Plastic_Toy House On The Sand'>56320438.jpg</image>
        <image serachTag='Finance Calculator And Dollars'>57166198.jpg</image>
        <image serachTag='Finance Shopping_Cart_Symbol'>62396200.jpg</image>
        <image serachTag='Finance Interest_Rate'>67607629.jpg</image>
        <image serachTag='Finance Golden_Coins Chart and Red_Line'>69876412.jpg</image>
        <image serachTag='Finance Home Business and Hand'>70226374.jpg</image>
        <image serachTag='Finance Claim_Form'>73283929.jpg</image>
        <image serachTag='Finance Credit_Card_Payment'>77125048.jpg</image>
        <image serachTag='Finance Real_Estate'>77157886.jpg</image>
        <image serachTag='Finance Seedling in Coins'>77384059.jpg</image>
        <image serachTag='Finance Working_Man Drawing'>77976679.jpg</image>
        <image serachTag='Finance Two People Passing Stack'>78726427.jpg</image>
        <image serachTag='Finance Silver_Dollar_Symbols'>82915468.jpg</image>
        <image serachTag='Finance Business_Man_Hand Exchange Dollar_Sign'>82943350.jpg</image>
        <image serachTag='Finance_Value of Money'>86084392.jpg</image>
        <image serachTag='Finance Background of Asian_Currency'>86728390.jpg</image>
		
        <image serachTag='Finance Tablet PC And Business_Graph'>88417909.jpg</image>
        <image serachTag='Finance Money_Tree_Illustration'>88621072.jpg</image>
        <image serachTag='Finance Young_Beautiful_Woman With Piggy_Bank '>89838382.jpg</image>
        <image serachTag='Financial  And Business_Chart and Graphs'>91074572.jpg</image>
        <image serachTag='Financial_Clock'>93382111.jpg</image>
        <image serachTag='Financial Traditional Happy Indian_Woman'>94626811.jpg</image>
        <image serachTag='Financial Market_Report Assets_Folder'>96199091.jpg</image>
        <image serachTag='Financial Tax_Word With Stopwatch'>96519826.jpg</image>
        <image serachTag='Finance Building And Sign_Bank '>99647729.jpg</image>
        <image serachTag='Finance House In Human_Hands'>100822288.jpg</image>
        <image serachTag='Finance Lend And Borrow Keys'>101571529.jpg</image>
        <image serachTag='Finance Stack Of Folders'>103570856.jpg</image>
        <image serachTag='Finance Credit_Card And Golden_Coins '>105224051.jpg</image>
        <image serachTag='Finance Light_Bulb And Business_Person Symbols'>105438245.jpg</image>
        <image serachTag='Financial_Report With Coins_Diagram'>105897602.jpg</image>
        <image serachTag='Finance Passing_Keys'>106130177.jpg</image>
        <image serachTag='Financial_Report With Coins_Diagram'>106690454.jpg</image>
        <image serachTag='Finance_Symbols For The_Dollar'>106780253.jpg</image>
        <image serachTag='Finance Home_Insurance'>108381383.jpg</image>
        <image serachTag='Finance Airport_Outside'>109420478.jpg</image>
        <image serachTag='Finance_Concept Dollar Bar_Chart Graph'>111813149.jpg</image>
        <image serachTag='Finance Micro Piggy_Bank Of Coins'>114612430.jpg</image>
        <image serachTag='Finance House Key And Rubber_Stamp'>114626293.jpg</image>
        <image serachTag='Finance Credit_Cards'>115341850.jpg</image>
        <image serachTag='Finance House On Top Of Table'>115625953.jpg</image>
        <image serachTag='Finance Heap Of newspapers '>120608233.jpg</image>
        <image serachTag='Finance Money And PC'>122772919.jpg</image>
        <image serachTag='Finance Money In Bag'>123579487.jpg</image>
        <image serachTag='Finance Spreadsheet With Pen And Calculator'>124697734.jpg</image>
        <image serachTag='Finance File on Wooden_Table'>124792873.jpg</image>
        <image serachTag='Finance Bag Of Money'>125023535.jpg</image>
        <image serachTag='Finance Money_Eexchange'>125292026.jpg</image>
        <image serachTag='Finance 3d_Model House_Symbol'>126116876.jpg</image>
        <image serachTag='Finance Family House_Construction'>127066481.jpg</image>
        <image serachTag='Finance Symbol Of House '>128770676.jpg</image>
        <image serachTag='Finance Hundred_Dollar_Bills Background'>129030494.jpg</image>
        <image serachTag='Finance Banknotes And Coins'>129337859.jpg</image>
        <image serachTag='Finance House_Insurance'>129508994.jpg</image>
        <image serachTag='Finance Wooden_Ruler Asking'>130002836.jpg</image>
        <image serachTag='Finance 3d_Render Stack Of Dollars Conceptual_Illustration'>132159902.jpg</image>
        <image serachTag='Finance_Office Calculator Bar_Graph And Pie_Diagram And Pen On Financial_Reports In Clipboard'>133131986.jpg</image>
        <image serachTag='Finance Pen Hits The Target'>133581509.jpg</image>
        <image serachTag='Finance Golden_Coins And Financial Stock_Charts'>134018078.jpg</image>
        <image serachTag='Finance Pixelated Finance_Symbol_Icon On Digital_Background'>135178283.jpg</image>
        <image serachTag='Finance Well_Dressed Businessman '>135675284.jpg</image>
        <image serachTag='Finance Stack Of Money On Calendar'>138267128.jpg</image>
        <image serachTag='Finance Paperwork In Filing_Cabinet'>141007105.jpg</image>
        <image serachTag='Finance 3D_Render Company Facade'>141612253.jpg</image>
        <image serachTag='Finance Gold_Coins With The Word LOAN'>142519498.jpg</image>
        <image serachTag='FinancePiggy_Bank With Calculator And Business_Reports'>143045899.jpg</image>
        <image serachTag='Finance Businessman_Hand Put Coins To Stack Of Coins'>143940817.jpg</image>
        <image serachTag='Finance Businessman_Signing Document'>150301367.jpg</image>
        <image serachTag='Finance Male Hand Using Computer_Keyboard And Holding Credit Card'>151457450.jpg</image>
        <image serachTag='Finance 3d_House Symbol With Key On Pile Of Gold_Coins'>152579018.jpg</image>
        <image serachTag='Finance Fountain_Pen on Tax'>156580772.jpg</image>
        <image serachTag='Finance Man Wearing A Suit Sitting In Table'>156641117.jpg</image>
        <image serachTag='Finance ATM_machine'>170170784.jpg</image>
        <image serachTag='Finance Man Signing A Mortgage Or Insurance Contract'>171093851.jpg</image>
        <image serachTag='Finance Businessman Lifting A Cube To Complete A Wall With Group Of  Objects '>171796802.jpg</image>
        <image serachTag='Finance Gold The Coins And Graph'>172736147.jpg</image>
        <image serachTag='Finance Business_Man_Drawing Insurance'>173558135.jpg</image>
        <image serachTag='Finance Tax_Refund'>173624579.jpg</image>
        <image serachTag='Finance Hand With Paper Money And House_Shape'>173714501.jpg</image>
        <image serachTag='Finance Single Blue_Percent_Symbol'>181454195.jpg</image>
        <image serachTag='Finance Credit_Risk Against Pencil With An Eraser'>183594737.jpg</image>
        <image serachTag='Finance Cropped_Image Of Auditor With Magnifying_Glass At Desk'>184351511.jpg</image>
        <image serachTag='Finance Euro_Coins And US_Dollar Banknote'>187256651.jpg</image>
        <image serachTag='FinanceHolding_house Real_Estate Business'>192409706.jpg</image>
        <image serachTag='Finance High_Resolution Invest '>195219920.jpg</image>
        <image serachTag='Finance Page Calendar With A Marked Red_Letter'>198251762.jpg</image>
        <image serachTag='Finance Businessman_Hands_Rejecting _Money '>199092221.jpg</image>
        <image serachTag='Finance Globe Representing Currency_Exchange'>201213017.jpg</image>
        <image serachTag='Finance Business_Accounting'>215378662.jpg</image>
        <image serachTag='Finance'>004.jpg</image>
        <image serachTag='Finance'>014.jpg</image>
        <image serachTag='Finance'>017.jpg</image>
        <image serachTag='Finance'>020.jpg</image>
        <image serachTag='Finance'>029.jpg</image>
        <image serachTag='Finance'>036.jpg</image>
        <image serachTag='Finance'>046.jpg</image>
        <image serachTag='Finance'>50.jpg</image>
        <image serachTag='Finance'>4223.jpg</image>
        <image serachTag='Finance'>7233890.jpg</image>
        <image serachTag='Finance'>9974996.jpg</image>
        <image serachTag='Finance'>14546274.jpg</image>
        <image serachTag='Finance'>16220209.jpg</image>
        <image serachTag='Finance'>19076679.jpg</image>
        <image serachTag='Finance'>19147218.jpg</image>
        <image serachTag='Finance'>19151325.jpg</image>
        <image serachTag='Finance'>19151719.jpg</image>
        <image serachTag='Finance'>19160186.jpg</image>
        <image serachTag='Finance'>19297177.jpg</image>
        <image serachTag='Finance'>23276597.jpg</image>
        <image serachTag='Finance'>26256084.jpg</image>
        <image serachTag='Finance'>30325439.jpg</image>
        <image serachTag='Finance'>30745538.jpg</image>
        <image serachTag='Finance'>30905837.jpg</image>
        <image serachTag='Finance'>32313398.jpg</image>
        <image serachTag='Finance'>123929266.jpg</image>
		
    </images>
	
    <!-- Images for Interiors goes here-->
    
    <images folder="gallery/Buildings_Interiors/Interiors" data-filter="Interiors">
        <image serachTag='Interiors Projection_Screen In Board_Room With Overhead Projector In Office'>3146124.jpg</image>
        <image serachTag='Interiors Corporate_Office_Desks Cubicles Files Cconference Space'>3710455.jpg</image>
        <image serachTag='Interiors Reading_Room Old_Library_Globe'>5836747.jpg</image>
        <image serachTag='Interiors Hallway'>11381593.jpg</image>
        <image serachTag='Interiors Modern_Hallway In Office_Building'>15147472.jpg</image>
        <image serachTag='Interiors Modern_Cafe_Interior'>18609082.jpg</image>
        <image serachTag='Interiors 3d_Rendering Modern_Home_Interior'>22937704.jpg</image>
        <image serachTag='Interiors Modern_Office_Interior_Hall'>24289750.jpg</image>
        <image serachTag='Interiors 3d_Rendering Modern_Home_Interior'>30327343.jpg</image>
        <image serachTag='Interiors Phone On Desk  In Modern_Office'>30907873.jpg</image>
        <image serachTag='Interiors Modern_Office_Interior 3d_Image'>32005042.jpg</image>
        <image serachTag='Interiors Office Work_Place'>32119357.jpg</image>
        <image serachTag='Interiors 3d_Rendering Modern Office'>33147721.jpg</image>
        <image serachTag='Interiors 3d_Rendering Modern Office'>33147724.jpg</image>
        <image serachTag='Interiors Office_Desk'>34372480.jpg</image>
        <image serachTag='Interiors Amsterdam Airport Schiphol'>37664317.jpg</image>
        <image serachTag='Interiors 3d_Rendering Meeting_Room With Sign_Out Front'>38942047.jpg</image>
        <image serachTag='Interiors Corporate Office_Desks Cubicles Files And Conference_Space'>40670401.jpg</image>
        <image serachTag='Interiors Cinema_Auditorium With Red_Stage And Projection_Screen'>41383897.jpg</image>
        <image serachTag='Interiors Apartment_Interior'>42463117.jpg</image>
        <image serachTag='Interiors Conference_Room With Empty Chairs And Projector_Screen'>45754264.jpg</image>
        <image serachTag='Interiors Classroom'>48141427.jpg</image>
        <image serachTag='Interiors Modern_Office_Interior'>49368244.jpg</image>
        <image serachTag='Interiors Wooden_Door'>49884883.jpg</image>
        <image serachTag='Interiors Big_Spacious_Hall '>50058214.jpg</image>
        <image serachTag='Interiors Modern_Office_Interior Boardroom'>52047049.jpg</image>
        <image serachTag='Interiors Cinema_Auditorium Projection_Screen'>59343199.jpg</image>
        <image serachTag='Interiors Office_Interior'>59691811.jpg</image>
        <image serachTag='Interiors Office_Building Cubicles And Meeting_Area '>62934715.jpg</image>
        <image serachTag='Interiors Modern_Office Cubicle With Laptop On Table Glass_Doors'>63556618.jpg</image>
        <image serachTag='Interiors Computer_Station At University College Library One Young Female_Student'>64926133.jpg</image>
        <image serachTag='Interiors Office_Corridor Door_Glass'>65314267.jpg</image>
        <image serachTag='Interior Of Office With Chairs'>70604977.jpg</image>
        <image serachTag='Interiors Office_Space'>77542525.jpg</image>
        <image serachTag='Interiors Office_Cubicles In Building'>83241592.jpg</image>
        <image serachTag='Interiors Modern_Office'>85795465.jpg</image>
        <image serachTag='Interiors Modern_Office Monitor On Desk'>85832872.jpg</image>
        <image serachTag='Interiors Modern_Office'>86134870.jpg</image>
        <image serachTag='Interiors White_Wall  And Closed_Door'>86795845.jpg</image>
        <image serachTag='Interiors Modern_Cafe_Interior_Decoration'>88384822.jpg</image>
        <image serachTag='Interiors Office_Room_Interior'>88727473.jpg</image>
        <image serachTag='Interiors 3d_Abstraction Luminous Opened_Box'>94408579.jpg</image>
        <image serachTag='Interiors Glass Office Door'>94796365.jpg</image>
        <image serachTag='Interiors Office Building Corridor'>95297620.jpg</image>
        <image serachTag='Interiors Movie_Set Inside Sound_Stage Lights Camera Boom_Mic Director_Chair Megaphone And Clapper_Board'>32562004.jpg</image>
        <image serachTag='Interiors Office_Rooms_Interior '>95656789.jpg</image>
        <image serachTag='Interiors Modern Office'>97066265.jpg</image>
        <image serachTag='Interiors Shanghai_Scenery  From Oriental Pearl Tv_Tower'>98035673.jpg</image>
        <image serachTag='Interiors Meeting_Room'>98532443.jpg</image>
        <image serachTag='Interiors 3d_Image Interior Of Office_Building'>98878913.jpg</image>
        <image serachTag='Interiors Modern_Office_Interior With Tables Chairs And Bookcases'>99122033.jpg</image>
        <image serachTag='Interiors Board_Room  Meeting_Room in New_Office'>100125710.jpg</image>
        <image serachTag='Interiors Board_Room With Table Chairs and Plasma'>100125728.jpg</image>
        <image serachTag='Interiors Billboard and Modern_Escalator At  International_Airport'>101394178.jpg</image>
        <image serachTag='Interiors Meeting_Room And Conference_Table'>102692060.jpg</image>
        <image serachTag='Interiors Modern_Elevator'>105772496.jpg</image>
        <image serachTag='Interiors Modern_Office_Interior'>106063634.jpg</image>
        <image serachTag='Interiors 3d Spotlights Illuminated_Wall'>107574644.jpg</image>
        <image serachTag='Interiors Living_Room'>109245593.jpg</image>
        <image serachTag='Interiors Business Conference_Room_Interior'>110294924.jpg</image>
        <image serachTag='Interiors Modern_Office_Interior With Red_Chairs And White Furniture'>111439862.jpg</image>
        <image serachTag='Interiors Meeting_Room'>111458459.jpg</image>
        <image serachTag='Interiors Modern_Office Monitor On Desk'>111740954.jpg</image>
        <image serachTag='Interiors Meeting_Room'>111787139.jpg</image>
        <image serachTag='Interiors Office_Building_Corridor'>113938225.jpg</image>
        <image serachTag='Interiors Hotel Conference_Room'>114825250.jpg</image>
        <image serachTag='Interiors Wooden_Gavel And Books On Wooden_Table'>115333348.jpg</image>
        <image serachTag='Interiors Contracted Office'>116677738.jpg</image>
        <image serachTag='Interiors Businessman With Phone'>116846419.jpg</image>
        <image serachTag='Interiors Business Meeting_Room In Office'>118911970.jpg</image>
        <image serachTag='Interiors Brick Concrete_Room With Ceiling_Lamps'>120481162.jpg</image>
        <image serachTag='Interiors Empty Nurses Station In Hospital'>121866532.jpg</image>
        <image serachTag='Interiors Hospital_Indoor Hallway and Waiting Seats'>126348830.jpg</image>
        <image serachTag='Interiors Lobby In Hotel'>129820706.jpg</image>
        <image serachTag='Interiors Conference_Hall'>131941580.jpg</image>
        <image serachTag='Interiors Empty Conference_Room With Whiteboard And Tables And Chairs'>131958563.jpg</image>
        <image serachTag='Interiors Office Work_Place'>132795803.jpg</image>
        <image serachTag='Interiors White Office_Shelves With Different Stationery'>135055442.jpg</image>
        <image serachTag='Interiors Stage Effects Vector Illustration'>139975594.jpg</image>
        <image serachTag='Interiors Modern_Office_Building Empty_Corridor'>141399592.jpg</image>
        <image serachTag='Interiors Modern_Office_Building Empty_Corridor'>142075003.jpg</image>
        <image serachTag='Interiors Warehouse_Interior'>142333744.jpg</image>
        <image serachTag='Interiors Empty Reception_Hall In Modern Building'>153216944.jpg</image>
        <image serachTag='Interiors Supermarket'>158769665.jpg</image>
        <image serachTag='Interiors Luxury Lobby'>164936762.jpg</image>
        <image serachTag='Interiors Modern_Office_Interior'>165181559.jpg</image>
        <image serachTag='Interiors Interior_Of_Resturant'>166700315.jpg</image>
        <image serachTag='Interiors Meeting_Room'>170063555.jpg</image>
        <image serachTag='Interiors Modern Creative Workspace Office'>173449544.jpg</image>
        <image serachTag='Interiors Classroom'>187830074.jpg</image>
        <image serachTag='Interiors Business_People Group Working on an Office_Desk'>189811220.jpg</image>
        <image serachTag='Interiors Red Desk Free Space And Window With Sunset'>204196375.jpg</image>
        <image serachTag='Interiors Modern_Office_Interior Table and Desk'>225015241.jpg</image>
        <image serachTag='Interiors Empty Residential_Room Apartment Or House'>227660908.jpg</image>
        <image serachTag='Interiors 3D_Render Mock Up_Poster Frame In White Scandinavian Dining_Room_Interior'>239148001.jpg</image>
        <image serachTag='Interiors People Working In Office Vector Illustration'>251290072.jpg</image>
        <image serachTag='Interiors Business Building Empty_Hall'>251371669.jpg</image>
        <image serachTag='Interiors Conference_Room_Interior'>265019405.jpg</image>
        <image serachTag='Interiors CCTV_System_Security In Hospital_Corridor and Interior '>308178863.jpg</image>
        <image serachTag='Interiors Office_Building Escalators'>320605706.jpg</image>
        <image serachTag='Interiors Office Work_Place'>125068052.jpg</image>
        <image serachTag='Interiors'>018.jpg</image>
        <image serachTag='Interiors'>7459551.jpg</image>
        <image serachTag='Interiors'>33030487.jpg</image>
        <image serachTag='Interiors'>3074438.jpg</image>
        <image serachTag='Interiors'>105671438.jpg</image>
        <image serachTag='Interiors'>218016598.jpg</image>
     	  	  	  
    </images>
	
    <!-- Images for objectives goes here-->
    
    <images folder="gallery/Objectives" data-filter="Objectives">
        <image serachTag='Objectives'>0679.jpg</image>
        <image serachTag='Objectives'>69442.jpg</image>
        <image serachTag='Objectives Business_Men_Climbing Graph'>433773.jpg</image>    
        <image serachTag='Objectives Business_Men Making Puzzle'>2666132.jpg</image>
        <image serachTag='Objectives 3d_Pie_chart'>2728346.jpg</image>
        <image serachTag='Objectives Business_Woman Taking Notes on Flipchart'>4533412.jpg</image>    
        <image serachTag='Objectives Business Team_work Building Puzzle '>5979286.jpg</image>
        <image serachTag='Objectives Binary_Stream'>9623992.jpg</image>
        <image serachTag='Objectives Jigsaw_Puzzle'>24635293.jpg</image>    
        <image serachTag='Objectives Businessman With Bow And Arrow'>28649284.jpg</image>
        <image serachTag='Objectives Businessman In Pinstripe Suit Shooting Bow And Arrow'>34918588.jpg</image>
        <image serachTag='Objectives Envelope With E-Mail Sign Vector Icon'>44129869.jpg</image> 
        <image serachTag='Objectives Multiracial Human_Hands Making Circle'>47641933.jpg</image>
        <image serachTag='Objectives Abstract 3d_Illustration Of Chain With One Red_Link'>67368766.jpg</image>
        <image serachTag='Objectives Archer Targeting '>67901683.jpg</image>    
        <image serachTag='Objectives Red_Darts And Green_Dart Hit The Center Of Target'>71312755.jpg</image>
        <image serachTag='Objectives Global_System And Business Internet_Concept'>73476589.jpg</image>
        <image serachTag='Objectives 3D Image Of Puzzle'>74000386.jpg</image>    
        <image serachTag='Objectives Businessman Aiming With Bow And Arrow'>75694783.jpg</image>
        <image serachTag='Objectives Hand_Holding Two Pieces Of Puzzle'>82561861.jpg</image>
        <image serachTag='Objectives Pen In The Man_Hand'>84918007.jpg</image>    
        <image serachTag='Objectives'>87944158.jpg</image>
        <image serachTag='Objectives Goal'>88158082.jpg</image>
        <image serachTag='Objectives Man_Hands Typing'>95538487.jpg</image> 
        <image serachTag='Objectives Results Towards South_Indicated By Compass'>97469030.jpg</image>
        <image serachTag='Objectives Quality_Level_Button With Low Medium And High Positions'>113445967.jpg</image>
        <image serachTag='Objectives Colored_Cell Vector Graphics'>113987941.jpg</image>    
        <image serachTag='Objectives Businessman Making Puzzle On Wall'>119911057.jpg</image>
        <image serachTag='Objectives Three Blue_Arrows Hitting Center Goal'>125845376.jpg</image>
        <image serachTag='Objectives The Pen Hits Target'>133581509.jpg</image>    
        <image serachTag='Objectives Yellow Sticky_Note'>134842586.jpg</image>
        <image serachTag='Objectives Needle Of Compass Pointing To Word Investment'>139401482.jpg</image>
        <image serachTag='Objectives Business People Icons'>145461577.jpg</image>    
        <image serachTag='Objectives Business_Man Writing Wealth_Management'>149926691.jpg</image>
        <image serachTag='Objectives Case Study Written On Blue_Puzzle_Pieces Education'>158112635.jpg</image>
        <image serachTag='Objectives Blank_Paper And Colorful_Pencils On Wooden_Table'>161257544.jpg</image> 
        <image serachTag='Objectives Risk On Red_Puzzle_Piece'>169489922.jpg</image>
        <image serachTag='Objectives Black_Tv_Display With Hand And Remote_Control'>171205079.jpg</image>
        <image serachTag='Objectives Compass_Needle Pointing The Word Secure'>171277964.jpg</image>    
        <image serachTag='Objectives Compass_Needle Pointing Blue_Text Quality_Assurance_Management'>172547510.jpg</image>
        <image serachTag='Objectives Compass_Needle Pointing Word Success Business_Concept'>177503585.jpg</image>
        <image serachTag='Objectives Multi_Ethnic Hands_Holding Colorful_Letters To Form Objective'>180805094.jpg</image>    
        <image serachTag='Objectives Puzzle 3d_Render Illustration Supply_Chain_Management'>181987736.jpg</image>
        <image serachTag='Objectives Magnifying_Glass Focusing On Credit Score'>188446772.jpg</image>
        <image serachTag='Objectives Missing Puzzle'>190679711.jpg</image>    
        <image serachTag='Objectives Word Objectives Against Road_Turning Into Arrow'>192860456.jpg</image>
        <image serachTag='Objectives Word Target On Page With People Sitting Around Table Drinking Coffee'>194384984.jpg</image>
        <image serachTag='Objectives Compass_Needle Pointing The Word Goal Illustration'>197798636.jpg</image> 
        <image serachTag='Objectives Vertical Spiral_Notepad Notebook'>204707359.jpg</image>    
        <image serachTag='Objectives Businessman Pointing To Word Objective'>206646916.jpg</image>
        <image serachTag='Objectives Email Envelope Vector Illustration Concept'>210264043.jpg</image>
        <image serachTag='Objectives Positive Feedback'>218855317.jpg</image>    
        <image serachTag='Objectives Equality Woman Man Concept'>221466169.jpg</image>
        <image serachTag='Objectives Business_Contract With Signature Flat Vector Icon'>224229052.jpg</image>
        <image serachTag='Objectives Long Or Brief Words Written On White_board'>231552337.jpg</image>    
        <image serachTag='Objectives Envelope With Pink Letter And Speech_Bubble'>233173390.jpg</image>
        <image serachTag='Objectives Secret_Code Dancing_Men'>235924180.jpg</image>
        
    </images>
	
    <!-- Images for Storage_Warehouse goes here-->
    
    <images folder="gallery/Buildings_Interiors/Storage_Warehouse" data-filter="Storage">
        <image serachTag='Storage Warehouse'>36832455.jpg</image>
        <image serachTag='Storage Warehouse'>36832724.jpg</image>
        <image serachTag='Storage Warehouse'>M02_P03.jpg</image>
        <image serachTag='Storage Warehouse'>Order_picking.jpg</image>
        <image serachTag='Storage Warehouse'>Put_away.jpg</image>
        <image serachTag='Storage Warehouse'>Replenishment.jpg</image>
        <image serachTag='Storage Warehouse'>Retrieval_Storage.jpg</image>
        <image serachTag='Warehouse Industrial_Warehouse'>3296390.jpg</image>
        <image serachTag='Warehouse Warehouse_Inside '>16575547.jpg</image>
        <image serachTag='Warehouse Scanned And Distributed Packages Conveyor_Belt'>53299636.jpg</image>
        <image serachTag='Warehouse Distributed Packages Conveyor_Belt On Automated_System'>53299639.jpg</image>
        <image serachTag='Warehouse Worker With Parcel'>58719919.jpg</image>
        <image serachTag='Storage Warehouse Cardboard_Package'>66974686.jpg</image>
        <image serachTag='Storage Warehouse Transport_Cart'>72517081.jpg</image>
        <image serachTag='Warehouse Red_Forklifter '>72639532.jpg</image>
        <image serachTag='Storage Warehouse Red_Opened_Container And Carton_Boxes On Palle'>73080709.jpg</image>
        <image serachTag='Storage Warehouse'>73457658.jpg</image>
        <image serachTag='Storage Warehouse Container_Operation In Port'>73457659.jpg</image>
        <image serachTag='Storage Warehouse Plastic_Totes'>76502596.jpg</image>
        <image serachTag='Storage Two Workers In Uniforms And Safety_Helmets'>77520031.jpg</image>
        <image serachTag='Storage Warehouse 3D_Render Of Yellow_Fork Lift Truck'>78107524.jpg</image>
        <image serachTag='Warehouse Worker Driver Loading Cardboard_Boxes By Forklift Stacker_Loader'>80598700.jpg</image>
        <image serachTag='Fork_lifter Work In Warehouse'>89041162.jpg</image>
        <image serachTag='Warehouse Workers In Uniform In Front Of Warehouse Rack_arrangement Stillages'>89490703.jpg</image>
        <image serachTag='Storage Warehouse Delivery_Man Carrying Boxes'>90618166.jpg</image>
        <image serachTag=' High Rack_stacker Forklift_Truck In Warehouse '>90935864.jpg</image>
        <image serachTag='Storage Warehouse Businessman Handing Over Air_Ticket At Airline Check In Counter'>97357034.jpg</image>
        <image serachTag='Modern Warehouse With Forklifts'>98143817.jpg</image>
        <image serachTag='Two Workers In Uniforms And Safety_Helmets Warehouse'>109549766.jpg</image>
        <image serachTag='Storage Warehouse Stack Of Wooden_Pallets'>117334792.jpg</image>
        <image serachTag='Frklift_Truck In Modern Automated Warehouse'>120708388.jpg</image>
        <image serachTag='Storage Warehouse Workers In Distribution Warehouse'>129617852.jpg</image>
        <image serachTag='Worker with Fork_Pallet Truck_Stacker In Warehouse Loading Furniture Panels'>130096550.jpg</image>
        <image serachTag='Warehouse Workers In Uniform Forklift Stacker_Loader'>130096559.jpg</image>
        <image serachTag='Warehouse Workers Men Checking Rack_Arrangement Of Furniture Laminate_Flooring'>130202513.jpg</image>
        <image serachTag='Storage Warehouse Chocolate Machine'>131049395.jpg</image>
        <image serachTag='Storage Warehouse Container With Cardboard_Boxes'>135831281.jpg</image>
        <image serachTag='Storage Warehouse Sorted Packages On Conveyor_Belt'>139249526.jpg</image>
        <image serachTag='Worker Scanning Package In Warehouse'>144468547.jpg</image>
        <image serachTag='Manager In Warehouse Checking Boxes'>144470392.jpg</image>
        <image serachTag='Storage Warehouse'>146072081.jpg</image>
        <image serachTag='Chinese Worker With Fork_Pallet Truck_Stacker In Warehouse Loading Group Of Boxes_Packages'>150982268.jpg</image>
        <image serachTag='Storage Warehouse Postal Delivery Courier_Man Cargo_Van Delivering Package'>155923646.jpg</image>
        <image serachTag='Storage Warehouse Drinks Production_Plant'>161675357.jpg</image>
        <image serachTag='Warehouse Worker With Box'>162667691.jpg</image>
        <image serachTag='Storage Warehouse Businessman Lifting Cube'>171796802.jpg</image>
        <image serachTag='Storage Warehouse People Climbing Ladders'>174615590.jpg</image>
        <image serachTag='Storage Warehouse Barcode_Printer And Packaging Boxes '>174909083.jpg</image>
        <image serachTag='CCTV_Camera Inside Warehouse'>179460134.jpg</image>
        <image serachTag='Storage Warehouse Container_Terminal At Dusk Work Cranes And Forklift'>179623781.jpg</image>
        <image serachTag='CCTV_Camera Inside Warehouse or Factory'>183201143.jpg</image>
        <image serachTag='Warehouse Bluetooth Barcode Scanner'>185815040.jpg</image>
        <image serachTag='Storage Warehouse Forklift Handling The Container Box'>208563841.jpg</image>
			
    </images>
	
    <!-- Images for Nuggets goes here-->
    
    <images folder="Nuggets/Animation1" data-filter="Nuggets">
        <image serachTag='bear water'>animation1.jpg</image>
            
    </images>
	
    <images folder="Nuggets/Animation2" data-filter="Nuggets">
        <image serachTag='bear water'>animation2.jpg</image>
            
    </images>
	
    <images folder="Nuggets/Animation3" data-filter="Nuggets">
        <image serachTag='bear water'>animation3.jpg</image>
            
    </images>
	
	
 
</root>
