<?xml version="1.0" encoding="UTF-8"?>
<!--
To change this license header, choose License Headers in Project Properties.
To change this template file, choose Tools | Templates
and open the template in the editor.
-->


<root>
    <images folder="rename" data-filter="Kurti">

        <image serachTag="MS/17/001">kurti1.jpeg</image>  
        <image serachTag="MS/17/002">kurti2.jpeg</image>  
        <image serachTag="MS/17/003">kurti3.jpeg</image>  
        <image serachTag="MS/17/004">kurti4.jpeg</image>  
        <image serachTag="MS/17/005">kurti5.jpeg</image>  
        <image serachTag="MS/17/006">kurti6.jpeg</image>  
        <image serachTag="MS/17/007">kurti7.jpeg</image>  
        <image serachTag="MS/17/008">kurti8.jpeg</image>  
        <image serachTag="MS/17/009">kurti9.jpeg</image>  
        <image serachTag="MS/17/010">kurti10.jpeg</image>  
        <image serachTag="MS/17/011">kurti11.jpeg</image>  
        <image serachTag="MS/17/012">kurti12.jpeg</image>  
        <image serachTag="MS/17/013">kurti13.jpeg</image>  
        <image serachTag="MS/17/014">kurti14.jpeg</image>  
        <image serachTag="MS/17/015">kurti15.jpeg</image>  
        <image serachTag="MS/17/016">kurti16.jpeg</image>  
        <image serachTag="MS/17/017">kurti17.jpeg</image>  
        <image serachTag="MS/17/018">kurti18.jpeg</image>  
        <image serachTag="MS/17/019">kurti19.jpeg</image>  
        <image serachTag="MS/17/020">kurti20.jpeg</image>  
        <image serachTag="MS/17/021">kurti21.jpeg</image>  
        <image serachTag="MS/17/022">kurti22.jpeg</image>  
        <image serachTag="MS/17/023">kurti23.jpeg</image>  
        <image serachTag="MS/17/024">kurti24.jpeg</image>  
        <image serachTag="MS/17/025">kurti25.jpeg</image>  
        <image serachTag="MS/17/026">kurti26.jpeg</image>  
        <image serachTag="MS/17/027">kurti27.jpeg</image>  
        <image serachTag="MS/17/028">kurti28.jpeg</image>  
        <image serachTag="MS/17/029">kurti29.jpeg</image>  
        <image serachTag="MS/17/030">kurti30.jpeg</image>  
        <image serachTag="MS/17/031">kurti31.jpeg</image>  
        <image serachTag="MS/17/032">kurti32.jpeg</image>  
        <image serachTag="MS/17/033">kurti33.jpeg</image>  
        <image serachTag="MS/17/034">kurti34.jpeg</image>  
        <image serachTag="MS/17/035">kurti35.jpeg</image>  
        <image serachTag="MS/17/036">kurti36.jpeg</image>  
        <image serachTag="MS/17/037">kurti37.jpeg</image>  
        <image serachTag="MS/17/038">kurti38.jpeg</image>  
        <image serachTag="MS/17/039">kurti39.jpeg</image>  
        <image serachTag="MS//17//040">kurti40.jpeg</image>  
        <image serachTag="MS/17/041">kurti41.jpeg</image>  
        <image serachTag="MS/17/042">kurti42.jpeg</image>  
        <image serachTag="MS/17/043">kurti43.jpeg</image>  
        <image serachTag="MS/17/044">kurti44.jpeg</image>  
        <image serachTag="MS/17/045">kurti45.jpeg</image>  
        <image serachTag="MS/17/046">kurti46.jpeg</image>  
        <image serachTag="MS/17/047">kurti47.jpeg</image>  
        <image serachTag="MS/17/048">kurti48.jpeg</image>  
        <image serachTag="MS/17/049">kurti49.jpeg</image>  
        <image serachTag="MS/17/050">kurti50.jpeg</image>  
        <image serachTag="MS/17/051">kurti51.jpeg</image>  
        <image serachTag="MS/17/052">kurti52.jpeg</image>  
        <image serachTag="MS/17/053">kurti53.jpeg</image>  
        <image serachTag="MS/17/054">kurti54.jpeg</image>  
        <image serachTag="MS/17/055">kurti55.jpeg</image>  
        <image serachTag="MS/17/056">kurti56.jpeg</image>  
        <image serachTag="MS/17/057">kurti57.jpeg</image>  
        <image serachTag="MS/17/058">kurti58.jpeg</image>  
        <image serachTag="MS/17/059">kurti59.jpeg</image>  
        <image serachTag="MS/17/060">kurti60.jpeg</image>  
        <image serachTag="MS/17/061">kurti61.jpeg</image>  
        <image serachTag="MS/17/062">kurti62.jpeg</image>  
        <image serachTag="MS/17/063">kurti63.jpeg</image>  
        <image serachTag="MS/17/064">kurti64.jpeg</image>  
        <image serachTag="MS/17/065">kurti65.jpeg</image>  
        <image serachTag="MS/17/066">kurti66.jpeg</image>  
        <image serachTag="MS/17/067">kurti67.jpeg</image>  
        <image serachTag="MS/17/068">kurti68.jpeg</image>  
        <image serachTag="MS/17/069">kurti69.jpeg</image>  
        <image serachTag="MS/17/070">kurti70.jpeg</image>  
        <image serachTag="MS/17/071">kurti71.jpeg</image>  
        <image serachTag="MS/17/072">kurti72.jpeg</image>  
        <image serachTag="MS/17/073">kurti73.jpeg</image>  
        <image serachTag="MS/17/074">kurti74.jpeg</image>  
        <image serachTag="MS/17/075">kurti75.jpeg</image>  
        <image serachTag="MS/17/076">kurti76.jpeg</image>  
        <image serachTag="MS/17/077">kurti77.jpeg</image>  
        <image serachTag="MS/17/078">kurti78.jpeg</image>  
        <image serachTag="MS/17/079">kurti79.jpeg</image>  
        <image serachTag="MS/17/080">kurti80.jpeg</image>  
        <image serachTag="MS/17/081">kurti81.jpeg</image>  
        <image serachTag="MS/17/082">kurti82.jpeg</image>  
        <image serachTag="MS/17/083">kurti83.jpeg</image>  
        <image serachTag="MS/17/084">kurti84.jpeg</image>  
        <image serachTag="MS/17/085">kurti85.jpeg</image>  
        <image serachTag="MS/17/086">kurti86.jpeg</image>  
        <image serachTag="MS/17/087">kurti87.jpeg</image>  
        <image serachTag="MS/17/088">kurti88.jpeg</image>  
        <image serachTag="MS/17/089">kurti89.jpeg</image>  
        <image serachTag="MS/17/090">kurti90.jpeg</image>  
        <image serachTag="MS/17/091">kurti91.jpeg</image>  
        <image serachTag="MS/17/092">kurti92.jpeg</image>  
        <image serachTag="MS/17/093">kurti93.jpeg</image>  
        <image serachTag="MS/17/094">kurti94.jpeg</image>  
        <image serachTag="MS/17/095">kurti95.jpeg</image>  
        <image serachTag="MS/17/096">kurti96.jpeg</image>  
        <image serachTag="MS/17/097">kurti97.jpeg</image>  
        <image serachTag="MS/17/098">kurti98.jpeg</image>  
        <image serachTag="MS/17/099">kurti99.jpeg</image>  
        <image serachTag="MS/17/100">kurti100.jpeg</image>  
        <image serachTag="MS/17/101">kurti101.jpeg</image>  
        <image serachTag="MS/17/102">kurti102.jpeg</image>  
        <image serachTag="MS/17/103">kurti103.jpeg</image>  
        <image serachTag="MS/17/104">kurti104.jpeg</image>  
        <image serachTag="MS/17/105">kurti105.jpeg</image>  
        <image serachTag="MS/17/106">kurti106.jpeg</image>  
        <image serachTag="MS/17/107">kurti107.jpeg</image>  
        <image serachTag="MS/17/108">kurti108.jpeg</image>  
        <image serachTag="MS/17/109">kurti109.jpeg</image>  
        <image serachTag="MS/17/110">kurti110.jpeg</image>  
        <image serachTag="MS/17/111">kurti111.jpeg</image>  
        <image serachTag="MS/17/112">kurti112.jpeg</image>  
        <image serachTag="MS/17/113">kurti113.jpeg</image>  
        <image serachTag="MS/17/114">kurti114.jpeg</image>  
        <image serachTag="MS/17/115">kurti115.jpeg</image>  
        <image serachTag="MS/17/116">kurti116.jpeg</image>  
        <image serachTag="MS/17/117">kurti117.jpeg</image>  
        <image serachTag="MS/17/118">kurti118.jpeg</image>  
        <image serachTag="MS/17/119">kurti119.jpeg</image>  
        <image serachTag="MS/17/120">kurti120.jpeg</image>  
        <image serachTag="MS/17/121">kurti121.jpeg</image>  
        <image serachTag="MS/17/122">kurti122.jpeg</image>  
        <image serachTag="MS/17/123">kurti123.jpeg</image>  
        <image serachTag="MS/17/124">kurti124.jpeg</image>  
        <image serachTag="MS/17/125">kurti125.jpeg</image>  
        <image serachTag="MS/17/126">kurti126.jpeg</image>  
        <image serachTag="MS/17/127">kurti127.jpeg</image>  
        <image serachTag="MS/17/128">kurti128.jpeg</image>  
        <image serachTag="MS/17/129">kurti129.jpeg</image>  
        <image serachTag="MS/17/130">kurti130.jpeg</image>  
        <image serachTag="MS/17/131">kurti131.jpeg</image>  
        <image serachTag="MS/17/132">kurti132.jpeg</image>  
        <image serachTag="MS/17/133">kurti133.jpeg</image>  
        <image serachTag="MS/17/134">kurti134.jpeg</image>  
        <image serachTag="MS/17/135">kurti135.jpeg</image>  
        <image serachTag="MS/17/136">kurti136.jpeg</image>  
        <image serachTag="MS/17/137">kurti137.jpeg</image>  
        <image serachTag="MS/17/138">kurti138.jpeg</image>  
        <image serachTag="MS/17/139">kurti139.jpeg</image>  
        <image serachTag="MS/17/140">kurti140.jpeg</image>  
        <image serachTag="MS/17/141">kurti141.jpeg</image>  
        <image serachTag="MS/17/142">kurti142.jpeg</image>  
        <image serachTag="MS/17/143">kurti143.jpeg</image>  
        <image serachTag="MS/17/144">kurti144.jpeg</image>  
        <image serachTag="MS/17/145">kurti145.jpeg</image>  
        <image serachTag="MS/17/146">kurti146.jpeg</image>  
        <image serachTag="MS/17/147">kurti147.jpeg</image>  
        <image serachTag="MS/17/148">kurti148.jpeg</image>  
        <image serachTag="MS/17/149">kurti149.jpeg</image>  
        <image serachTag="MS/17/150">kurti150.jpeg</image>  
        <image serachTag="MS/17/151">kurti151.jpeg</image>  
        <image serachTag="MS/17/152">kurti152.jpeg</image>  
        <image serachTag="MS/17/153">kurti153.jpeg</image>  
        <image serachTag="MS/17/154">kurti154.jpeg</image>  
        <image serachTag="MS/17/155">kurti155.jpeg</image>  
        <image serachTag="MS/17/156">kurti156.jpeg</image>  
        <image serachTag="MS/17/157">kurti157.jpeg</image>  
        <image serachTag="MS/17/158">kurti158.jpeg</image>  
        <image serachTag="MS/17/159">kurti159.jpeg</image>  
        <image serachTag="MS/17/160">kurti160.jpeg</image>  
        <image serachTag="MS/17/161">kurti161.jpeg</image>  
        <image serachTag="MS/17/162">kurti162.jpeg</image>  
        <image serachTag="MS/17/163">kurti163.jpeg</image>  
        <image serachTag="MS/17/164">kurti164.jpeg</image>  
        <image serachTag="MS/17/165">kurti165.jpeg</image>  
        <image serachTag="MS/17/166">kurti166.jpeg</image>  
        <image serachTag="MS/17/167">kurti167.jpeg</image>  
        <image serachTag="MS/17/168">kurti168.jpeg</image>  
        <image serachTag="MS/17/169">kurti169.jpeg</image>  
        <image serachTag="MS/17/170">kurti170.jpeg</image>  
        <image serachTag="MS/17/171">kurti171.jpeg</image>  
        <image serachTag="MS/17/172">kurti172.jpeg</image>  
        <image serachTag="MS/17/173">kurti173.jpeg</image>  
        <image serachTag="MS/17/174">kurti174.jpeg</image>  
        <image serachTag="MS/17/175">kurti175.jpeg</image>  
        <image serachTag="MS/17/176">kurti176.jpeg</image>  
        <image serachTag="MS/17/177">kurti177.jpeg</image>  
        <image serachTag="MS/17/178">kurti178.jpeg</image>  
        <image serachTag="MS/17/179">kurti179.jpeg</image>  
        <image serachTag="MS/17/180">kurti180.jpeg</image>  
        <image serachTag="MS/17/181">kurti181.jpeg</image>  
        <image serachTag="MS/17/182">kurti182.jpeg</image>  
        <image serachTag="MS/17/183">kurti183.jpeg</image>  
        <image serachTag="MS/17/184">kurti184.jpeg</image>  
        <image serachTag="MS/17/185">kurti185.jpeg</image>  
        <image serachTag="MS/17/186">kurti186.jpeg</image>  
        <image serachTag="MS/17/187">kurti187.jpeg</image>  
    </images>

        
</root>
